"Name","Korean","English","Japanese","SimplifiedChinese","Spanish","Russian","PortugueseBrazil","German","French","Polish","TraditionalChinese","Turkish"
"Common.Settings","게임 설정","Game settings","ゲーム設定","游戏设置","Ajustes del juego","Настройки игры","Configurações","Spieleinstellungen","Paramètres du jeu","Ustawienia gry","遊戲設定","Oyun ayarları"
"Common.Volume","음량","Volume","音量","音量","Volumen","Громкость","Volume","Lautstärke","Volume","Głośność","音量","Ses düzeyi"
"Common.Mute","음소거 전환","Toggle mute","ミュート切替","切换静音","Activar o desactivar sonido","Включить или выключить звук","Ativar ou desativar som","Stumm ein/aus","Activer ou couper le son","Włącz lub wycisz dźwięk","切換靜音","Sesi aç/kapat"
"Common.Close","닫기","Close","閉じる","关闭","Cerrar","Закрыть","Fechar","Schließen","Fermer","Zamknij","關閉","Kapat"
"Common.Back","돌아가기","Back","戻る","返回","Volver","Назад","Voltar","Zurück","Retour","Wstecz","返回","Geri"
"Common.Done","완료","Done","完了","完成","Listo","Готово","Concluir","Fertig","Terminé","Gotowe","完成","Tamam"
"Title.QuickMatch","빠른 매칭","Quick match","クイックマッチ","快速匹配","Partida rápida","Быстрый матч","Partida rápida","Schnelles Spiel","Partie rapide","Szybka gra","快速配對","Hızlı maç"
"Title.QuickHint","바로 전투에 참여하세요","Jump into the battle","今すぐバトルに参加","立即加入战斗","Entra en combate","Вступайте в бой","Entre na batalha","Stürz dich in den Kampf","Entrez dans la bataille","Dołącz do walki","立即加入戰鬥","Hemen savaşa katıl"
"Title.RoomList","방 목록","Room list","ルーム一覧","房间列表","Lista de salas","Список комнат","Lista de salas","Raumliste","Liste des salons","Lista pokoi","房間列表","Oda listesi"
"Title.Training","훈련장","Training","トレーニング","训练场","Entrenamiento","Тренировка","Treinamento","Training","Entraînement","Trening","訓練場","Antrenman"
"Title.Shop","상점","Shop","ショップ","商店","Tienda","Магазин","Loja","Shop","Boutique","Sklep","商店","Mağaza"
"Title.Guide","가이드","Guide","ガイド","指南","Guía","Руководство","Guia","Anleitung","Guide","Poradnik","指南","Rehber"
"Title.Records","전적","Records","戦績","战绩","Estadísticas","Статистика","Estatísticas","Statistik","Statistiques","Statystyki","戰績","İstatistikler"
"Title.Exit","종료","Exit","終了","退出","Salir","Выход","Sair","Beenden","Quitter","Wyjdź","結束","Çıkış"
"Title.LunaGreeting","어서오세요 방문자님 저는 판도라 배틀의 안내자, 루나입니다.","Welcome, visitor! I’m Luna, your guide to Pandora Battle.","ようこそ、訪問者様。私はパンドラバトルの案内人、ルナです。","欢迎光临，尊敬的访客！我是潘多拉战斗的向导——露娜。","¡Te damos la bienvenida, visitante! Soy Luna, la guía de Pandora Battle.","Добро пожаловать, гость! Я Луна, ваш гид по Pandora Battle.","Boas-vindas, visitante! Eu sou a Luna, a guia de Pandora Battle.","Herzlich willkommen, lieber Gast! Ich bin Luna, deine Begleiterin in Pandora Battle.","Bienvenue, cher visiteur ! Je suis Luna, votre guide dans Pandora Battle.","Witaj, gościu! Jestem Luna, przewodniczka po Pandora Battle.","歡迎光臨，親愛的訪客！我是潘朵拉戰鬥的嚮導——露娜。","Hoş geldiniz, ziyaretçi! Ben Pandora Battle’ın rehberi Luna."
"Title.LunaTip01","다른 플레이어와 함께하려면 타이틀의 ‘방 목록’을 열어보세요. 참가할 방을 선택하면 대기실로 들어갈 수 있어요.","Want to play with others? Open “Room list” on the title screen. Pick a room to join and you’ll enter its lobby.","ほかのプレイヤーと遊ぶなら、タイトルの「ルーム一覧」を開いてみてください。参加するルームを選ぶと、ロビーに入れますよ。","想和其他玩家一起玩吗？打开标题画面的“房间列表”吧。选择要加入的房间，就能进入大厅。","¿Quieres jugar con más gente? Abre «Lista de salas» en la pantalla de título. Elige una sala y entrarás a esperar el comienzo de la partida.","Хотите играть вместе с другими? Откройте «Список комнат» на титульном экране. Выберите комнату — и вы попадёте в лобби.","Quer jogar com outras pessoas? Abra a “Lista de salas” na tela inicial. Escolha uma sala para entrar e aguardar o início da partida.","Du willst mit anderen spielen? Öffne auf dem Titelbildschirm die „Raumliste“. Wähle einen Raum aus, um die Lobby zu betreten.","Envie de jouer avec d’autres joueurs ? Ouvrez la « Liste des salons » sur l’écran titre. Choisissez le salon à rejoindre pour y entrer.","Chcesz zagrać z innymi? Kliknij „Lista pokoi” na ekranie tytułowym. Wybierz pokój, aby wejść do poczekalni.","想和其他玩家一起玩嗎？打開標題畫面的「房間列表」吧。選擇要加入的房間，就能進入大廳。","Diğer oyuncularla oynamak mı istiyorsunuz? Başlık ekranındaki “Oda listesi”ni açın. Katılmak istediğiniz odayı seçerek lobiye girebilirsiniz."
"Title.LunaTip02","직접 방을 만들고 싶으신가요? ‘방 목록’에서 방 생성 버튼을 누르면 방 이름과 맵, 최대 인원을 정할 수 있어요.","Want to host your own room? Press the “Create room” button in the Room list to set the room name, map and max players.","自分でルームを作りたいですか？「ルーム一覧」で「ルーム作成」ボタンを押すと、ルーム名やマップ、最大人数を決められますよ。","想自己创建房间吗？在“房间列表”中点击“创建房间”按钮，就能设置房间名称、地图和最大人数。","¿Quieres crear tu propia sala? En «Lista de salas», pulsa el botón «Crear sala» para elegir el nombre de la sala, el mapa y el máximo de jugadores.","Хотите создать свою комнату? Нажмите кнопку «Создать комнату» в разделе «Список комнат», чтобы задать название комнаты, карту и максимум игроков.","Quer criar sua própria sala? Na “Lista de salas”, clique no botão “Criar sala” para definir o nome da sala, o mapa e o máximo de jogadores.","Du möchtest selbst einen Raum eröffnen? Klicke in der „Raumliste“ auf „Raum erstellen“, um Raumname, Karte und maximale Spielerzahl festzulegen.","Envie de créer votre propre salon ? Dans la « Liste des salons », cliquez sur « Créer un salon » pour choisir le nom du salon, la carte et le nombre maximum de joueurs.","Chcesz utworzyć własny pokój? W sekcji „Lista pokoi” kliknij „Utwórz pokój”, aby ustawić nazwę pokoju, mapę i maksymalną liczbę graczy.","想自己建立房間嗎？在「房間列表」中按下「建立房間」按鈕，就能設定房間名稱、地圖和最大人數。","Kendi odanızı mı kurmak istiyorsunuz? “Oda listesi”nde “Oda oluştur” düğmesine basarak oda adını, haritayı ve en fazla oyuncu sayısını belirleyebilirsiniz."
"Title.LunaTip03","다시 만나고 싶은 플레이어가 있나요? 대기실의 참가자 목록에서 상대의 ‘친구 추가’ 버튼을 찾아보세요.","Met a player you’d like to see again? Look for their “Add friend” button in the lobby’s player list.","また会いたいプレイヤーはいますか？ロビーの参加者リストで、相手の「フレンドに追加」ボタンを探してみてください。","有想再次相遇的玩家吗？在大厅的玩家列表中找找对方的“添加好友”按钮吧。","¿Hay alguien con quien quieras volver a jugar? Busca su botón «Añadir amigo» en la lista de jugadores de la sala.","Хотите снова встретиться с каким-то игроком? Найдите рядом с ним кнопку «Добавить в друзья» в списке игроков лобби.","Quer jogar de novo com alguém? Procure o botão “Adicionar amigo” dessa pessoa na lista de jogadores da sala.","Du möchtest einen Spieler wiedersehen? Suche in der Spielerliste der Lobby bei ihm nach der Schaltfläche „Freund hinzufügen“.","Vous souhaitez retrouver un joueur ? Cherchez son bouton « Ajouter un ami » dans la liste des joueurs du salon.","Chcesz jeszcze spotkać jakiegoś gracza? Znajdź przy nim przycisk „Dodaj znajomego” na liście graczy w poczekalni.","有想再次相遇的玩家嗎？在大廳的玩家列表中找找對方的「新增好友」按鈕吧。","Tekrar karşılaşmak istediğiniz bir oyuncu mu var? Lobideki oyuncu listesinde o oyuncunun “Arkadaş ekle” düğmesini arayın."
"Title.LunaTip04","친구와 같은 방에서 만나고 싶다면 대기실의 ‘친구 초대’를 이용해 보세요. 함께할 친구를 불러보는 건 어떨까요?","Want to meet your friends in the same room? Try “Invite friends” in the lobby. Why not call over a friend to play with?","フレンドと同じルームで会いたいなら、ロビーの「フレンドを招待」を使ってみてください。一緒に遊ぶフレンドを呼んでみませんか？","想和好友在同一个房间相见吗？试试大厅里的“邀请好友”吧。叫上好友一起玩怎么样？","¿Quieres coincidir con tus amigos en la misma sala? Usa «Invitar amigos» mientras esperas la partida. ¿Por qué no llamas a alguien para jugar juntos?","Хотите оказаться в одной комнате с друзьями? Воспользуйтесь кнопкой «Пригласить друзей» в лобби. Почему бы не позвать друга сыграть вместе?","Quer encontrar seus amigos na mesma sala? Use “Convidar amigos” enquanto aguarda a partida. Que tal chamar alguém para jogar junto?","Du willst Freunde im selben Raum treffen? Nutze „Freunde einladen“ in der Lobby. Wie wäre es, einen Freund zum gemeinsamen Spielen zu holen?","Envie de retrouver vos amis dans le même salon ? Utilisez « Inviter des amis » en attendant la partie. Pourquoi ne pas appeler un ami pour jouer ensemble ?","Chcesz spotkać się ze znajomymi w jednym pokoju? Skorzystaj z opcji „Zaproś znajomych” w poczekalni. Może zaprosisz kogoś do wspólnej gry?","想和好友在同一個房間相見嗎？試試大廳裡的「邀請好友」吧。叫上好友一起玩怎麼樣？","Arkadaşlarınızla aynı odada buluşmak mı istiyorsunuz? Lobideki “Arkadaş davet et” seçeneğini kullanın. Birlikte oynamak için bir arkadaşınızı çağırmaya ne dersiniz?"
"Title.LunaTip05","게임이 낯설다면 타이틀의 ‘가이드’를 열어보세요. 게임 규칙부터 판도라와 아이템 사용 안내까지 찾아볼 수 있어요.","New to the game? Open “Guide” on the title screen. You’ll find everything from the game rules to how to use Pandoras and items.","ゲームに慣れていないなら、タイトルの「ガイド」を開いてみてください。ゲームルールから、パンドラやアイテムの使い方まで確認できますよ。","对游戏还不熟悉？打开标题画面的“指南”吧。从游戏规则到潘多拉和物品的使用说明，都能在这里找到。","¿Aún no conoces bien el juego? Abre «Guía» en la pantalla de título. Encontrarás desde las reglas del juego hasta cómo usar las Pandoras y los objetos.","Игра пока непривычна? Откройте «Руководство» на титульном экране. Там есть всё: от правил игры до использования Пандор и предметов.","Ainda não conhece bem o jogo? Abra o “Guia” na tela inicial. Lá você encontra desde as regras do jogo até como usar Pandoras e itens.","Das Spiel ist neu für dich? Öffne auf dem Titelbildschirm die „Anleitung“. Dort findest du alles von den Spielregeln bis zum Einsatz von Pandoras und Gegenständen.","Vous découvrez le jeu ? Ouvrez le « Guide » sur l’écran titre. Vous y trouverez tout, des règles du jeu à l’utilisation des Pandoras et des objets.","Gra jest dla ciebie nowa? Kliknij „Poradnik” na ekranie tytułowym. Znajdziesz tam wszystko: od zasad gry po korzystanie z Pandor i przedmiotów.","對遊戲還不熟悉？打開標題畫面的「指南」吧。從遊戲規則到潘朵拉和物品的使用說明，都能在這裡找到。","Oyuna yabancı mısınız? Başlık ekranındaki “Rehber”i açın. Oyun kurallarından Pandora ve eşya kullanımına kadar her şeyi bulabilirsiniz."
"Title.LunaTip06","방문자님의 현재 티어가 궁금하신가요? 타이틀의 ‘전적’에서 티어와 승리 횟수, 지난 경기 기록을 확인해 보세요.","Curious about your current tier? Check “Records” on the title screen for your tier, win count and past match records.","現在のティアが気になりますか？タイトルの「戦績」で、ティアや勝利数、過去の試合記録を確認してみてください。","想知道自己现在的段位吗？在标题画面的“战绩”中查看段位、胜利次数和以往的比赛记录吧。","¿Tienes curiosidad por tu rango actual? Consulta «Estadísticas» en la pantalla de título para ver tu rango, tus victorias y tus partidas anteriores.","Интересно, какой у вас сейчас ранг? Загляните в раздел «Статистика» на титульном экране: там ваш ранг, число побед и история прошлых матчей.","Quer saber sua patente atual? Confira em “Estatísticas”, na tela inicial, sua patente, suas vitórias e o histórico de partidas anteriores.","Neugierig auf deinen aktuellen Rang? Unter „Statistik“ auf dem Titelbildschirm siehst du deinen Rang, deine Siege und deine bisherigen Partien.","Vous voulez connaître votre rang actuel ? Consultez les « Statistiques » sur l’écran titre pour voir votre rang, vos victoires et l’historique de vos parties.","Ciekawi cię twoja obecna ranga? W sekcji „Statystyki” na ekranie tytułowym sprawdzisz rangę, liczbę zwycięstw i historię poprzednich meczów.","想知道自己現在的段位嗎？在標題畫面的「戰績」中查看段位、勝利次數和以往的比賽紀錄吧。","Şu anki kademenizi merak mı ediyorsunuz? Başlık ekranındaki “İstatistikler”den kademenizi, zafer sayınızı ve geçmiş maç kayıtlarınızı inceleyin."
"Title.LunaTip07","방을 만드셨다면 대기실에서 경기장도 골라보세요. 맵 선택의 이전·다음 버튼으로 다른 경기장을 살펴볼 수 있어요.","Created a room? Pick an arena in the lobby, too. Use the Previous map and Next map buttons in Map selection to browse other arenas.","ルームを作ったら、ロビーで競技場も選んでみてください。「マップ選択」の「前のマップ」「次のマップ」ボタンで、ほかの競技場を見られますよ。","创建房间后，也在大厅里挑选一下竞技场吧。通过“选择地图”中的“上一张地图”和“下一张地图”按钮，可以浏览其他竞技场。","¿Has creado una sala? Elige también el escenario mientras esperas. Con los botones «Mapa anterior» y «Mapa siguiente» de «Selección de mapa» podrás ver otros escenarios.","Создали комнату? Выберите в лобби и арену. Кнопками «Предыдущая карта» и «Следующая карта» в разделе «Выбор карты» можно просмотреть другие арены.","Criou uma sala? Escolha também a arena enquanto aguarda. Use os botões “Mapa anterior” e “Próximo mapa” em “Seleção de mapa” para ver outras arenas.","Du hast einen Raum erstellt? Dann wähle in der Lobby auch eine Arena. Mit „Vorherige Karte“ und „Nächste Karte“ in der „Kartenauswahl“ kannst du dir andere Arenen ansehen.","Vous avez créé un salon ? Choisissez aussi l’arène en attendant la partie. Les boutons « Carte précédente » et « Carte suivante » du « Choix de la carte » permettent de voir d’autres arènes.","Masz już własny pokój? Wybierz też arenę w poczekalni. Przyciskami „Poprzednia mapa” i „Następna mapa” w sekcji „Wybór mapy” obejrzysz inne areny.","建立房間後，也在大廳裡挑選一下競技場吧。透過「選擇地圖」中的「上一張地圖」和「下一張地圖」按鈕，可以瀏覽其他競技場。","Oda mı kurdunuz? Lobide bir arena da seçin. “Harita seçimi”ndeki “Önceki harita” ve “Sonraki harita” düğmeleriyle diğer arenalara göz atabilirsiniz."
"Title.LunaTip08","같은 무기나 장비를 또 얻으셨나요? 인벤토리에서 중복된 무기나 장비를 합쳐 강화할 수 있어요.","Got the same weapon or equipment again? Combine duplicate weapons or equipment in your Inventory to upgrade them.","同じ武器や装備をまた手に入れましたか？インベントリで重複する武器や装備を合成して強化できますよ。","又获得了相同的武器或装备吗？在背包中合成重复的武器或装备，就能进行强化。","¿Te ha vuelto a tocar la misma arma o equipo? En el «Inventario» puedes combinar armas o equipo duplicados para mejorarlos.","Снова досталось то же оружие или снаряжение? В разделе «Инвентарь» можно объединять одинаковое оружие и снаряжение, чтобы улучшать его.","Conseguiu a mesma arma ou equipamento de novo? No “Inventário”, combine armas ou equipamentos repetidos para aprimorá-los.","Du hast dieselbe Waffe oder Ausrüstung erneut erhalten? Kombiniere doppelte Waffen oder Ausrüstung im „Inventar“, um sie zu verbessern.","Vous avez obtenu la même arme ou le même équipement ? Dans l’« Inventaire », combinez les armes ou équipements en double pour les améliorer.","Masz drugą taką samą broń lub element wyposażenia? W sekcji „Ekwipunek” możesz łączyć powtórzoną broń i wyposażenie, aby je ulepszać.","又獲得了相同的武器或裝備嗎？在背包中合成重複的武器或裝備，就能進行強化。","Aynı silahı ya da donanımı yine mi aldınız? “Envanter”de aynı silah veya donanımları birleştirerek geliştirebilirsiniz."
"Title.LunaTip09","어떤 무기를 써야 할지 고민된다면 타이틀의 ‘훈련장’을 방문해 보세요. 여러 무기를 직접 사용해 보며 손에 맞는 것을 찾아보세요.","Not sure which weapon to use? Visit “Training” on the title screen. Try out different weapons yourself and find the one that suits you.","どの武器を使うか迷ったら、タイトルの「トレーニング」に行ってみてください。いろいろな武器を実際に使って、手に合うものを見つけましょう。","不知道该用哪种武器？去标题画面的“训练场”看看吧。亲手试用各种武器，找到最顺手的那一把。","¿No sabes qué arma usar? Visita «Entrenamiento» en la pantalla de título. Prueba distintas armas y encuentra la que mejor se adapte a ti.","Не знаете, какое оружие выбрать? Загляните в раздел «Тренировка» на титульном экране. Опробуйте разное оружие и найдите то, что вам по руке.","Na dúvida sobre qual arma usar? Visite o “Treinamento” na tela inicial. Experimente várias armas e encontre a que combina com você.","Du weißt nicht, welche Waffe du nehmen sollst? Schau im „Training“ auf dem Titelbildschirm vorbei. Probiere verschiedene Waffen aus und finde die, die dir liegt.","Vous hésitez sur l’arme à utiliser ? Passez par l’« Entraînement » depuis l’écran titre. Essayez différentes armes et trouvez celle qui vous convient.","Nie wiesz, jakiej broni używać? Zajrzyj na „Trening” na ekranie tytułowym. Wypróbuj różne rodzaje broni i znajdź tę, która najbardziej ci pasuje.","不知道該用哪種武器？去標題畫面的「訓練場」看看吧。親手試用各種武器，找到最順手的那一把。","Hangi silahı kullanacağınıza karar veremiyor musunuz? Başlık ekranındaki “Antrenman”ı ziyaret edin. Farklı silahları bizzat deneyerek size en uygun olanı bulun."
"Title.LunaTip10","스킬 설명에서는 효과뿐 아니라 마나 소모량과 쿨타임도 확인할 수 있어요. 필요한 마나와 다시 사용할 수 있는 시간을 함께 살펴보세요.","Skill descriptions show not only effects but also mana cost and cooldown. Check how much mana you need and how long until you can use it again.","スキル説明では、効果だけでなくマナ消費量やクールダウンも確認できます。必要なマナと、再び使えるまでの時間もあわせて見てみてください。","技能说明中不仅有效果，还能查看法力消耗和冷却时间。一起看看所需的法力和再次使用前需要等待的时间吧。","En la descripción de cada habilidad verás su efecto, su coste de maná y su enfriamiento. Fíjate en el maná que necesitas y en cuánto tardarás en volver a usarla.","В описании навыка указаны не только эффекты, но и расход маны и перезарядка. Обращайте внимание на нужное количество маны и время до повторного использования.","A descrição de cada habilidade mostra o efeito, o custo de mana e o tempo de recarga. Confira quanta mana é necessária e quando você poderá usá-la de novo.","In der Fähigkeitsbeschreibung siehst du neben der Wirkung auch Manakosten und Abklingzeit. Achte darauf, wie viel Mana du brauchst und wann du sie wieder einsetzen kannst.","La description d’une compétence indique ses effets, mais aussi son coût en mana et son temps de recharge. Vérifiez le mana nécessaire et le délai avant de pouvoir la réutiliser.","W opisie umiejętności znajdziesz nie tylko efekty, lecz także koszt many i czas odnowienia. Sprawdzaj, ile many potrzebujesz i kiedy znów możesz jej użyć.","技能說明中不僅有效果，還能查看法力消耗和冷卻時間。一起看看所需的法力和再次使用前需要等待的時間吧。","Yetenek açıklamalarında yalnızca etkileri değil, mana maliyetini ve bekleme süresini de görebilirsiniz. Gereken manaya ve yeniden kullanabileceğiniz zamana birlikte göz atın."
"Title.LunaTip11","불의 ‘버닝 플레어’는 불꽃 영역으로 지속 피해를 주고, ‘거대 화염구’는 화염구를 발사해요. 같은 불이라도 공격 방식은 다르답니다.","The Fire Pandora’s “Burning Flare” deals damage over time with a zone of flames, while “Great Flame Sphere” launches a fireball. Both use fire, but they attack in different ways.","炎の「バーニングフレア」は炎の領域で継続ダメージを与え、「グレートフレイムスフィア」は火球を放ちます。同じ炎でも攻撃方法は違うんですよ。","火焰的“燃烧耀斑”会以火焰区域造成持续伤害，而“巨型火焰球”则会发射火球。同样是火，攻击方式却不同哦。","La «Llamarada Ardiente» de la Pandora de Fuego causa daño continuo con una zona de llamas, y la «Gran Esfera de Fuego» lanza una bola de fuego. Ambas usan el fuego, pero atacan de forma distinta.","«Пылающая вспышка» Пандоры Огня наносит периодический урон зоной пламени, а «Великая огненная сфера» выпускает огненный шар. Стихия одна, а способы атаки разные.","O “Clarão Ardente” da Pandora de Fogo causa dano contínuo com uma área de chamas, e a “Grande Esfera de Fogo” lança uma bola de fogo. Ambos usam fogo, mas atacam de formas diferentes.","„Brennende Flamme“ der Feuer-Pandora verursacht mit einem Flammenfeld Schaden über Zeit, „Große Flammensphäre“ schleudert einen Feuerball. Beide nutzen Feuer, greifen aber unterschiedlich an.","L’« Éclat ardent » de la Pandora Feu inflige des dégâts sur la durée grâce à une zone de flammes, tandis que la « Grande sphère de feu » lance une boule de feu. Même élément, mais des attaques différentes.","„Płonący Rozbłysk” Pandory Ognia zadaje obrażenia w czasie za pomocą strefy płomieni, a „Wielka Kula Ognia” wystrzeliwuje kulę ognia. Ten sam żywioł, ale różne sposoby ataku.","火焰的「燃燒耀斑」會以火焰區域造成持續傷害，而「巨型火焰球」則會發射火球。同樣是火，攻擊方式卻不同喔。","Ateş’in “Yanan Parlama” yeteneği alev alanıyla sürekli hasar verir, “Büyük Alev Küresi” ise ateş topu fırlatır. İkisi de ateş kullanır ama saldırı biçimleri farklıdır."
"Title.LunaTip12","얼음의 ‘아이시클’은 얼음 투사체를 날리고, ‘프로스트 스파이크’는 바닥에서 얼음 가시를 솟게 해요. 두 기술의 공격 모습을 구분해 보세요.","The Freeze Pandora’s “Icicle” fires an ice projectile, while “Frost Spike” makes ice spikes burst from the ground. Learn to tell their attacks apart.","凍結の「アイシクル」は氷の投射物を飛ばし、「フロストスパイク」は地面から氷のトゲを突き出します。2つの技の攻撃の違いを見分けてみてください。","冰冻的“冰锥”会射出冰霜投射物，而“寒霜尖刺”会让冰刺从地面升起。试着分辨这两种技能的攻击方式吧。","El «Carámbano» de la Pandora de Congelación lanza un proyectil de hielo, y la «Púa de Escarcha» hace brotar púas de hielo del suelo. Aprende a distinguir sus ataques.","«Сосулька» Пандоры Мороза выпускает ледяной снаряд, а «Морозный шип» вызывает ледяные шипы из-под земли. Научитесь различать эти атаки.","A “Estalactite de Gelo” da Pandora de Congelamento dispara um projétil de gelo, e o “Espinho de Gelo” faz espinhos de gelo surgirem do chão. Aprenda a diferenciar os dois ataques.","„Eiszapfen“ der Frost-Pandora schießt ein Eisgeschoss ab, „Froststachel“ lässt Eisstacheln aus dem Boden ragen. Lerne, die beiden Angriffe zu unterscheiden.","La « Stalactite » de la Pandora Gel lance un projectile de glace, tandis que la « Pointe de givre » fait jaillir des pics de glace du sol. Apprenez à distinguer leurs attaques.","„Sopel” Pandory Mrozu wystrzeliwuje lodowy pocisk, a „Mroźny Kolec” sprawia, że z ziemi wyrastają lodowe kolce. Naucz się odróżniać te ataki.","冰凍的「冰錐」會射出冰霜投射物，而「寒霜尖刺」會讓冰刺從地面竄出。試著分辨這兩種技能的攻擊方式吧。","Donma’nın “Buz Sarkıtı” yeteneği buz mermisi fırlatır, “Don Dikeni” ise yerden buz dikenleri çıkarır. İki yeteneğin saldırı biçimini ayırt etmeyi deneyin."
"Title.LunaTip13","얼음의 ‘아이스 에이지’는 주변 적을 공격하는 기술이에요. 얼음 투사체를 발사하는 기술과 달리, 가까이 있는 적을 상대할 때 활용해 보세요.","The Freeze Pandora’s “Ice Age” strikes nearby enemies. Unlike skills that fire ice projectiles, it’s great for dealing with enemies up close.","凍結の「アイスエイジ」は周囲の敵を攻撃する技です。氷の投射物を放つ技とは違い、近くにいる敵を相手にするときに使ってみてください。","冰冻的“冰河时代”是攻击周围敌人的技能。与发射冰霜投射物的技能不同，对付近处的敌人时试着用用看吧。","La «Edad de Hielo» de la Pandora de Congelación ataca a los enemigos cercanos. A diferencia de las habilidades que lanzan proyectiles de hielo, úsala contra enemigos que estén cerca.","«Ледниковый период» Пандоры Мороза атакует врагов вокруг. В отличие от навыков с ледяными снарядами, используйте его против врагов поблизости.","A “Era do Gelo” da Pandora de Congelamento ataca os inimigos ao redor. Diferente das habilidades que disparam projéteis de gelo, use-a contra inimigos próximos.","„Eiszeit“ der Frost-Pandora greift Gegner in deiner Umgebung an. Anders als Fähigkeiten mit Eisgeschossen eignet sie sich für Gegner in deiner Nähe.","L’« Ère glaciaire » de la Pandora Gel attaque les ennemis alentour. Contrairement aux compétences qui lancent des projectiles de glace, utilisez-la contre les ennemis proches.","„Epoka Lodowcowa” Pandory Mrozu atakuje pobliskich wrogów. W przeciwieństwie do umiejętności wystrzeliwujących lodowe pociski używaj jej przeciw wrogom z bliska.","冰凍的「冰河時代」是攻擊周圍敵人的技能。與發射冰霜投射物的技能不同，對付近處的敵人時試著用用看吧。","Donma’nın “Buz Devri” yeteneği çevredeki düşmanlara saldırır. Buz mermisi fırlatan yeteneklerin aksine, yakınınızdaki düşmanlarla başa çıkarken kullanmayı deneyin."
"Title.LunaTip14","어둠의 ‘다크 스테인’은 적에게 쏘는 기술이 아니라 자신을 강화하는 기술이에요. 공격을 시작하기 전에 활용해 보세요.","The Darkness Pandora’s “Dark Stain” isn’t fired at enemies—it empowers you. Try using it before you start attacking.","闇の「ダークステイン」は敵に撃つ技ではなく、自分を強化する技です。攻撃を始める前に使ってみてください。","黑暗的“暗蚀”不是射向敌人的技能，而是强化自身的技能。在开始进攻前试着使用吧。","La «Mancha Oscura» de la Pandora de Oscuridad no se lanza contra los enemigos: te fortalece a ti. Úsala antes de empezar a atacar.","«Тёмное пятно» Пандоры Тьмы не стреляет во врагов, а усиливает вас. Используйте его перед началом атаки.","A “Mancha Sombria” da Pandora de Escuridão não é disparada contra inimigos: ela fortalece você. Use-a antes de começar a atacar.","„Dunkler Fleck“ der Dunkelheit-Pandora wird nicht auf Gegner abgefeuert, sondern stärkt dich selbst. Setze ihn ein, bevor du angreifst.","La « Tache obscure » de la Pandora Ténèbres ne se tire pas sur les ennemis : elle vous renforce. Utilisez-la avant de lancer l’attaque.","„Mroczna Plama” Pandory Ciemności nie jest wystrzeliwana we wrogów, lecz wzmacnia ciebie. Użyj jej przed rozpoczęciem ataku.","黑暗的「暗蝕」不是射向敵人的技能，而是強化自身的技能。在開始進攻前試著使用吧。","Karanlık’ın “Karanlık Leke” yeteneği düşmana atılan bir yetenek değil, sizi güçlendiren bir yetenektir. Saldırıya başlamadan önce kullanmayı deneyin."
"Title.LunaTip15","어둠의 ‘블랙홀’은 주변 적을 끌어당겨요. 적을 모으는 기술이라는 점을 기억하고 다음 공격을 준비해 보세요.","The Darkness Pandora’s “Blackhole” pulls in nearby enemies. Remember that it gathers foes together, and get your next attack ready.","闇の「ブラックホール」は周囲の敵を引き寄せます。敵を集める技だということを覚えて、次の攻撃を準備してみてください。","黑暗的“黑洞”会把周围的敌人吸引过来。记住这是聚集敌人的技能，准备好下一次攻击吧。","El «Agujero Negro» de la Pandora de Oscuridad atrae a los enemigos cercanos. Recuerda que sirve para agruparlos y prepara tu siguiente ataque.","«Чёрная дыра» Пандоры Тьмы притягивает ближайших врагов. Помните, что она собирает противников вместе, и готовьте следующую атаку.","O “Buraco Negro” da Pandora de Escuridão puxa os inimigos próximos. Lembre-se de que ele reúne os inimigos e prepare seu próximo ataque.","„Schwarzes Loch“ der Dunkelheit-Pandora zieht Gegner in der Nähe an. Denk daran, dass es Gegner sammelt, und bereite deinen nächsten Angriff vor.","Le « Trou noir » de la Pandora Ténèbres attire les ennemis proches. Souvenez-vous qu’il regroupe les ennemis et préparez votre prochaine attaque.","„Czarna Dziura” Pandory Ciemności przyciąga pobliskich wrogów. Pamiętaj, że zbiera przeciwników w jednym miejscu, i przygotuj kolejny atak.","黑暗的「黑洞」會把周圍的敵人吸引過來。記住這是聚集敵人的技能，準備好下一次攻擊吧。","Karanlık’ın “Kara Delik” yeteneği yakındaki düşmanları kendine çeker. Düşmanları bir araya toplayan bir yetenek olduğunu unutmayın ve bir sonraki saldırınıza hazırlanın."
"Title.LunaTip16","어둠의 ‘보이드 레이’는 손에서 광선을 발사하는 공격 기술이에요. 자신을 강화하는 ‘다크 스테인’과 역할이 다르답니다.","The Darkness Pandora’s “Void Ray” is an attack that fires a beam from your hand. Its role is different from “Dark Stain”, which empowers you.","闇の「ヴォイドレイ」は手から光線を放つ攻撃技です。自分を強化する「ダークステイン」とは役割が違うんですよ。","黑暗的“虚空射线”是从手中发射光线的攻击技能。它和强化自身的“暗蚀”作用不同哦。","El «Rayo del Vacío» de la Pandora de Oscuridad es un ataque que dispara un rayo desde la mano. Su función es distinta a la de la «Mancha Oscura», que te fortalece.","«Луч Пустоты» Пандоры Тьмы — атакующий навык, выпускающий луч из руки. Его роль отличается от «Тёмного пятна», которое усиливает вас.","O “Raio do Vazio” da Pandora de Escuridão é um ataque que dispara um raio da mão. Seu papel é diferente da “Mancha Sombria”, que fortalece você.","„Leere-Strahl“ der Dunkelheit-Pandora ist ein Angriff, der einen Strahl aus deiner Hand abfeuert. Er erfüllt eine andere Rolle als „Dunkler Fleck“, der dich stärkt.","Le « Rayon du Vide » de la Pandora Ténèbres est une attaque qui tire un rayon depuis la main. Son rôle diffère de celui de la « Tache obscure », qui vous renforce.","„Promień Pustki” Pandory Ciemności to atak wystrzeliwujący promień z dłoni. Pełni inną rolę niż „Mroczna Plama”, która cię wzmacnia.","黑暗的「虛空射線」是從手中發射光線的攻擊技能。它和強化自身的「暗蝕」作用不同喔。","Karanlık’ın “Boşluk Işını” yeteneği elden ışın fırlatan bir saldırı yeteneğidir. Sizi güçlendiren “Karanlık Leke”den farklı bir görevi vardır."
"Title.LunaTip17","체력을 회복하고 싶다면 빛의 ‘루미너리 펄스’를, 빠르게 이동하고 싶다면 ‘라이트스피드’를 활용해 보세요.","To restore health, use the Light Pandora’s “Luminary Pulse”. To move quickly, try “Lightspeed”.","体力を回復したいなら光の「ルミナリーパルス」を、素早く移動したいなら「ライトスピード」を使ってみてください。","想恢复生命值，就用光明的“辉光脉冲”；想快速移动，就试试“光速”吧。","Si quieres recuperar salud, usa el «Pulso Luminar» de la Pandora de Luz; si quieres moverte rápido, prueba la «Velocidad de la Luz».","Чтобы восстановить здоровье, используйте «Световой импульс» Пандоры Света, а чтобы быстро перемещаться — «Скорость света».","Para recuperar vida, use o “Pulso Luminar” da Pandora de Luz; para se mover rápido, experimente a “Velocidade da Luz”.","Willst du Gesundheit wiederherstellen, nutze „Lichtimpuls“ der Licht-Pandora. Willst du dich schnell bewegen, probiere „Lichtgeschwindigkeit“.","Pour récupérer de la santé, utilisez l’« Impulsion lumineuse » de la Pandora Lumière ; pour vous déplacer rapidement, essayez « Vitesse de la lumière ».","Aby odzyskać zdrowie, użyj „Świetlistego Impulsu” Pandory Światła, a aby szybko się przemieszczać – „Prędkości Światła”.","想恢復生命值，就用光明的「輝光脈衝」；想快速移動，就試試「光速」吧。","Canınızı yenilemek istiyorsanız Işık’ın “Işık Darbesi”ni, hızlı hareket etmek istiyorsanız “Işık Hızı”nı kullanın."
"Title.LunaTip18","번개의 ‘라이트닝 플래시’는 돌진하며 부딪힌 적을 공격해요. 특정 위치를 공격하고 싶다면 낙뢰를 떨어뜨리는 ‘썬더 스트라이크’를 사용해 보세요.","The Lightning Pandora’s “Lightning Flash” dashes forward and strikes enemies in its path. To hit a specific spot, try “Thunder Strike”, which calls down a lightning bolt.","雷の「ライトニングフラッシュ」は突進してぶつかった敵を攻撃します。特定の位置を攻撃したいなら、落雷を落とす「サンダーストライク」を使ってみてください。","闪电的“闪电突袭”会向前冲刺，攻击撞到的敌人。想攻击特定位置的话，试试降下落雷的“雷霆打击”吧。","El «Destello Relámpago» de la Pandora de Relámpago embiste y golpea a los enemigos con los que choca. Si quieres atacar un punto concreto, prueba el «Golpe de Trueno», que hace caer un rayo.","«Молниеносная вспышка» Пандоры Молнии — рывок, поражающий врагов на пути. Чтобы ударить в конкретное место, используйте «Удар грома», обрушивающий молнию.","O “Clarão Relâmpago” da Pandora de Relâmpago avança e atinge os inimigos com que colide. Para atacar um ponto específico, use o “Golpe de Trovão”, que faz cair um raio.","„Blitzsprung“ der Blitz-Pandora stürmt nach vorn und trifft Gegner, mit denen du zusammenstößt. Willst du eine bestimmte Stelle treffen, nutze „Donnerschlag“, der einen Blitz einschlagen lässt.","L’« Éclair foudroyant » de la Pandora Foudre vous fait charger et frappe les ennemis percutés. Pour viser un endroit précis, utilisez « Frappe de tonnerre », qui fait tomber la foudre.","„Błysk Pioruna” Pandory Błyskawicy to szarża raniąca wrogów, w których uderzysz. Aby zaatakować konkretne miejsce, użyj „Uderzenia Gromu”, które sprowadza piorun.","閃電的「閃電突襲」會向前衝刺，攻擊撞到的敵人。想攻擊特定位置的話，試試降下落雷的「雷霆打擊」吧。","Yıldırım’ın “Şimşek Parlaması” yeteneğiyle ileri atılır ve çarptığınız düşmanlara saldırırsınız. Belirli bir noktaya saldırmak istiyorsanız yıldırım düşüren “Gök Gürültüsü Darbesi”ni kullanın."
"Title.LunaTip19","기계의 ‘유도 미사일’은 적을 추적하며 범위 피해를 주는 기술이에요. 광선을 발사하는 ‘플라즈마 빔’과는 다른 방식으로 공격한답니다.","The Machine Pandora’s “Guided Missile” tracks enemies and deals area damage. It attacks differently from “Plasma Beam”, which fires a beam.","機械の「ガイドミサイル」は敵を追尾して範囲ダメージを与える技です。光線を放つ「プラズマビーム」とは違う方法で攻撃するんですよ。","机械的“制导导弹”是追踪敌人并造成范围伤害的技能。它的攻击方式和发射光束的“等离子束”不同哦。","El «Misil Guiado» de la Pandora de Máquina persigue a los enemigos y causa daño en área. Ataca de forma distinta al «Rayo de Plasma», que dispara un rayo.","«Управляемая ракета» Пандоры Машины преследует врагов и наносит урон по области. Она атакует иначе, чем «Плазменный луч», выпускающий луч.","O “Míssil Guiado” da Pandora de Máquina persegue os inimigos e causa dano em área. Ele ataca de forma diferente do “Raio de Plasma”, que dispara um feixe.","„Lenkrakete“ der Maschine-Pandora verfolgt Gegner und verursacht Flächenschaden. Sie greift anders an als „Plasmastrahl“, der einen Strahl abfeuert.","Le « Missile guidé » de la Pandora Machine poursuit les ennemis et inflige des dégâts de zone. Il attaque différemment du « Rayon de plasma », qui tire un rayon.","„Pocisk Kierowany” Pandory Maszyny śledzi wrogów i zadaje obrażenia obszarowe. Atakuje inaczej niż „Promień Plazmowy”, który wystrzeliwuje wiązkę.","機械的「導引飛彈」是追蹤敵人並造成範圍傷害的技能。它的攻擊方式和發射光束的「電漿束」不同喔。","Makine’nin “Güdümlü Füze” yeteneği düşmanları takip ederek alan hasarı verir. Işın fırlatan “Plazma Işını”ndan farklı bir şekilde saldırır."
"Title.LunaTip20","기계의 판도라에는 공격 기술만 있는 게 아니에요. ‘디펜스 필드’는 자신을 보호하는 방어 필드를 만들어 준답니다.","The Machine Pandora isn’t all about attacks. “Defense Field” creates a protective field around you.","機械のパンドラには、攻撃技だけがあるわけではありません。「ディフェンスフィールド」は、自分を守る防御フィールドを作ってくれるんですよ。","机械的潘多拉可不只有攻击技能。“防御力场”能展开守护自身的防护场哦。","La Pandora de Máquina no solo tiene habilidades de ataque. El «Campo de Defensa» crea un campo protector a tu alrededor.","У Пандоры Машины есть не только атакующие навыки. «Защитное поле» создаёт вокруг вас защитный барьер.","A Pandora de Máquina não tem só habilidades de ataque. O “Campo de Defesa” cria um campo protetor ao seu redor.","Die Maschine-Pandora kann mehr als nur angreifen. „Verteidigungsfeld“ erzeugt ein Schutzfeld, das dich abschirmt.","La Pandora Machine n’a pas que des compétences offensives. Le « Champ de défense » crée un champ protecteur autour de vous.","Pandora Maszyny to nie tylko umiejętności ofensywne. „Pole Obronne” tworzy wokół ciebie ochronną barierę.","機械的潘朵拉可不只有攻擊技能。「防禦力場」能展開守護自身的防護場喔。","Makine’nin tek yaptığı saldırmak değil. “Savunma Alanı” sizi koruyan bir kalkan oluşturur."
"Title.LunaChatHint","루나에게 물어보세요 (Enter)","Ask Luna anything (Enter)","ルナに質問してください（Enter）","向露娜提问（按 Enter 发送）","Pregúntale a Luna (Enter)","Спросите Луну (Enter)","Pergunte à Luna (Enter)","Frag Luna etwas (Enter)","Posez une question à Luna (Entrée)","Zapytaj Lunę (Enter)","向露娜提問（按 Enter 送出）","Luna'ya bir şey sor (Enter)"
"Title.LunaChatThinking","음… 잠시만 생각해 볼게요.","Hmm, let me think...","うーん、少し考えさせてください…","嗯……让我想一想。","Mmm, déjame pensarlo…","Хм, дайте подумать…","Hmm, deixa eu pensar…","Hmm, lass mich kurz nachdenken …","Hmm, laissez-moi réfléchir…","Hmm, daj mi chwilę pomyśleć…","嗯……讓我想一想。","Hmm, bir düşüneyim…"
"Title.LunaChatUnavailable","지금은 대답하기 어려워요. 잠시 후에 다시 물어봐 주세요.","I can't answer right now. Please ask me again in a moment.","今はお答えできません。少し経ってからもう一度聞いてください。","我现在暂时无法回答，请稍后再问我一次。","Ahora mismo no puedo responder. Vuelve a preguntarme en un momento.","Сейчас я не могу ответить. Спросите меня ещё раз чуть позже.","Não consigo responder agora. Pergunte de novo daqui a pouco.","Gerade kann ich nicht antworten. Frag mich gleich noch einmal.","Je ne peux pas répondre pour le moment. Reposez-moi la question dans un instant.","Nie mogę teraz odpowiedzieć. Zapytaj mnie ponownie za chwilę.","我現在暫時無法回答，請稍後再問我一次。","Şu anda cevap veremiyorum. Lütfen biraz sonra tekrar sor."
"Title.BossRaid","보스 레이드","Boss Raid","ボスレイド","首领突袭","Incursión de jefe","Рейд на босса","Raide de chefe","Boss-Raid","Raid de boss","Raid na bossa","首領突襲","Boss Baskını"
"Title.Website","공식 웹사이트","Official Website","公式サイト","官方网站","Sitio oficial","Официальный сайт","Site oficial","Offizielle Website","Site officiel","Oficjalna strona","官方網站","Resmi web sitesi"
"Title.BossRaidJoining","보스 레이드에 참가할 자리를 찾고 있어요. 잠시만 기다려 주세요!","Let me find you a spot in the boss raid. Just a moment!","ボスレイドの参加先を探しています。少々お待ちください！","正在为你寻找可加入的首领突袭，请稍等！","Estoy buscando una incursión de jefe para ti. ¡Un momento!","Ищу для вас рейд на босса. Минутку!","Estou procurando um raide de chefe para você. Só um momento!","Ich suche einen Boss-Raid für dich. Einen Moment!","Je cherche un raid de boss pour vous. Un instant !","Szukam dla ciebie raidu na bossa. Chwileczkę!","正在為你尋找可加入的首領突襲，請稍等！","Senin için bir Boss Baskını arıyorum. Bir saniye!"
"Title.BossRaidFailed","보스 레이드에 연결하지 못했어요. 잠시 후에 다시 시도해 주세요.","I couldn't reach the boss raid. Please try again in a moment.","ボスレイドに接続できませんでした。少し経ってからもう一度お試しください。","无法连接到首领突袭，请稍后再试。","No pude conectar con la incursión de jefe. Inténtalo de nuevo en un momento.","Не удалось подключиться к рейду на босса. Попробуйте ещё раз чуть позже.","Não consegui conectar ao raide de chefe. Tente de novo daqui a pouco.","Ich konnte den Boss-Raid nicht erreichen. Versuch es gleich noch einmal.","Je n'ai pas pu rejoindre le raid de boss. Réessayez dans un instant.","Nie udało mi się połączyć z raidem na bossa. Spróbuj ponownie za chwilę.","無法連線到首領突襲，請稍後再試。","Boss Baskınına bağlanamadım. Lütfen biraz sonra tekrar dene."
"Lobby.Title","대기실","Lobby","ロビー","大厅","Sala","Лобби","Sala","Lobby","Salon","Poczekalnia","大廳","Lobi"
"Lobby.Participants","참가자","Players","参加者","玩家","Jugadores","Игроки","Jogadores","Spieler","Joueurs","Gracze","玩家","Oyuncular"
"Lobby.MapSelect","맵 선택","Map selection","マップ選択","选择地图","Selección de mapa","Выбор карты","Seleção de mapa","Kartenauswahl","Choix de la carte","Wybór mapy","選擇地圖","Harita seçimi"
"Lobby.Invite","친구 초대","Invite friends","フレンドを招待","邀请好友","Invitar amigos","Пригласить друзей","Convidar amigos","Freunde einladen","Inviter des amis","Zaproś znajomych","邀請好友","Arkadaş davet et"
"Lobby.Return","로비로 돌아가기","Return to lobby","ロビーに戻る","返回大厅","Volver a la sala","Вернуться в лобби","Voltar à sala","Zurück zur Lobby","Retour au salon","Wróć do poczekalni","返回大廳","Lobiye dön"
"Lobby.Start","게임 시작","Start game","ゲーム開始","开始游戏","Iniciar partida","Начать игру","Iniciar partida","Spiel starten","Lancer la partie","Rozpocznij grę","開始遊戲","Oyunu başlat"
"Lobby.Leave","나가기","Leave","退出","离开","Abandonar","Выйти","Sair","Verlassen","Quitter","Opuść","離開","Ayrıl"
"Lobby.PreviousMap","이전 맵","Previous map","前のマップ","上一张地图","Mapa anterior","Предыдущая карта","Mapa anterior","Vorherige Karte","Carte précédente","Poprzednia mapa","上一張地圖","Önceki harita"
"Lobby.NextMap","다음 맵","Next map","次のマップ","下一张地图","Mapa siguiente","Следующая карта","Próximo mapa","Nächste Karte","Carte suivante","Następna mapa","下一張地圖","Sonraki harita"
"Lobby.TeamWarning","팀 인원을 균등하게 맞춰 주세요","Balance the number of players on each team","各チームの人数を揃えてください","请平衡各队人数","Iguala el número de jugadores por equipo","Уравняйте число игроков в командах","Equilibre o número de jogadores por equipe","Verteilt die Spieler gleichmäßig auf die Teams","Équilibrez le nombre de joueurs par équipe","Wyrównaj liczbę graczy w drużynach","請平衡各隊人數","Takımlardaki oyuncu sayılarını eşitleyin"
"Lobby.LoadFailed","로비를 불러오지 못했습니다. 나간 뒤 다시 입장해 주세요.","Lobby content failed to load. Leave and rejoin the room.","ロビーの読み込みに失敗しました。退出して再入室してください。","大厅内容加载失败，请离开后重新加入。","No se pudo cargar la sala. Sal y vuelve a entrar.","Не удалось загрузить лобби. Выйдите и зайдите снова.","Falha ao carregar a sala. Saia e entre novamente.","Lobby konnte nicht geladen werden. Verlasse den Raum und tritt erneut bei.","Échec du chargement du salon. Quittez-le puis rejoignez-le à nouveau.","Nie udało się wczytać poczekalni. Wyjdź i dołącz ponownie.","大廳內容載入失敗，請離開後重新加入。","Lobi yüklenemedi. Odadan ayrılıp tekrar katılın."
"Map.WindNest","바람 둥지","Wind Nest","風の巣","风之巢","Nido del Viento","Гнездо ветра","Ninho do Vento","Windnest","Nid du Vent","Gniazdo Wiatru","風之巢","Rüzgâr Yuvası"
"Map.Village","마을","Village","村","村庄","Aldea","Деревня","Vila","Dorf","Village","Wioska","村莊","Köy"
"Map.Colosseum","콜로세움","Colosseum","コロッセオ","斗兽场","Coliseo","Колизей","Coliseu","Kolosseum","Colisée","Koloseum","競技場","Kolezyum"
"Map.Test","테스트 맵","Test map","テストマップ","测试地图","Mapa de prueba","Тестовая карта","Mapa de teste","Testkarte","Carte de test","Mapa testowa","測試地圖","Test haritası"
"Guide.Categories","목차","Categories","目次","目录","Categorías","Разделы","Categorias","Kategorien","Catégories","Kategorie","目錄","Kategoriler"
"Guide.QuickStart","빠른 시작","Quick start","クイックスタート","快速入门","Inicio rápido","Быстрый старт","Início rápido","Schnellstart","Démarrage rapide","Szybki start","快速入門","Hızlı başlangıç"
"Guide.Controls","조작 방법","Controls","操作方法","操作方式","Controles","Управление","Controles","Steuerung","Commandes","Sterowanie","操作方式","Kontroller"
"Guide.Rules","게임 규칙","Game rules","ゲームルール","游戏规则","Reglas del juego","Правила игры","Regras do jogo","Spielregeln","Règles du jeu","Zasady gry","遊戲規則","Oyun kuralları"
"Guide.Modes","게임 모드","Game modes","ゲームモード","游戏模式","Modos de juego","Режимы игры","Modos de jogo","Spielmodi","Modes de jeu","Tryby gry","遊戲模式","Oyun modları"
"Guide.Profile","프로필과 능력치","Profile & stats","プロフィールと能力値","个人资料与属性","Perfil y atributos","Профиль и характеристики","Perfil e atributos","Profil und Werte","Profil et attributs","Profil i atrybuty","個人資料與屬性","Profil ve özellikler"
"Guide.Pandora","판도라","Pandora","パンドラ","潘多拉","Pandora","Пандора","Pandora","Pandora","Pandora","Pandora","潘朵拉","Pandora"
"Guide.Items","아이템과 스킨","Items & skins","アイテムとスキン","物品与皮肤","Objetos y aspectos","Предметы и облики","Itens e visuais","Items und Skins","Objets et apparences","Przedmioty i skórki","道具與造型","Eşyalar ve görünümler"
"Guide.Paint","페인트와 채팅","Paint & chat","ペイントとチャット","涂鸦与聊天","Pintura y chat","Рисование и чат","Pintura e chat","Malen und Chat","Peinture et chat","Malowanie i czat","塗鴉與聊天","Boyama ve sohbet"
"Team.Red","빨강","Red","赤","红色","Rojo","Красный","Vermelho","Rot","Rouge","Czerwony","紅色","Kırmızı"
"Team.Blue","파랑","Blue","青","蓝色","Azul","Синий","Azul","Blau","Bleu","Niebieski","藍色","Mavi"
"Team.Yellow","노랑","Yellow","黄","黄色","Amarillo","Жёлтый","Amarelo","Gelb","Jaune","Żółty","黃色","Sarı"
"Team.Purple","보라","Purple","紫","紫色","Morado","Фиолетовый","Roxo","Violett","Violet","Fioletowy","紫色","Mor"
"Team.Green","초록","Green","緑","绿色","Verde","Зелёный","Verde","Grün","Vert","Zielony","綠色","Yeşil"
"Team.Orange","주황","Orange","オレンジ","橙色","Naranja","Оранжевый","Laranja","Orange","Orange","Pomarańczowy","橙色","Turuncu"
"Player.EditName","닉네임을 입력하고 Enter로 확정","Enter a nickname and press Enter","ニックネームを入力してEnterで確定","输入昵称并按回车确认","Escribe un apodo y pulsa Intro","Введите имя и нажмите Enter","Digite um apelido e pressione Enter","Namen eingeben und Enter drücken","Saisissez un pseudo et appuyez sur Entrée","Wpisz pseudonim i naciśnij Enter","輸入暱稱並按 Enter 確認","Takma ad girip Enter'a basın"
"Player.Team","팀 색상 선택","Choose team color","チームカラーを選択","选择队伍颜色","Elegir color de equipo","Выбрать цвет команды","Escolher cor da equipe","Teamfarbe wählen","Choisir la couleur d'équipe","Wybierz kolor drużyny","選擇隊伍顏色","Takım rengini seç"
"Player.Friend","친구 추가","Add friend","フレンドに追加","添加好友","Añadir amigo","Добавить в друзья","Adicionar amigo","Freund hinzufügen","Ajouter un ami","Dodaj znajomego","新增好友","Arkadaş ekle"
"Player.Kick","플레이어 내보내기","Remove player","プレイヤーを退出させる","移除玩家","Expulsar jugador","Исключить игрока","Remover jogador","Spieler entfernen","Exclure le joueur","Usuń gracza","移除玩家","Oyuncuyu çıkar"
"Player.Owner","방장","Host","ホスト","房主","Anfitrión","Создатель комнаты","Anfitrião","Host","Hôte","Gospodarz","房主","Oda sahibi"
"Config.Players","최대 인원","Max players","最大人数","最大人数","Máximo de jugadores","Максимум игроков","Máximo de jogadores","Max. Spieler","Joueurs maximum","Maks. graczy","最大人數","En fazla oyuncu"
"Config.Chests","상자 수","Chest count","宝箱の数","宝箱数量","Número de cofres","Количество сундуков","Número de baús","Anzahl der Truhen","Nombre de coffres","Liczba skrzyń","寶箱數量","Sandık sayısı"
"Settings.Language","언어","Language","言語","语言","Idioma","Язык","Idioma","Sprache","Langue","Język","語言","Dil"
"Settings.LanguageHint","모든 메뉴 화면에 적용됩니다","Applies to all menu screens","すべてのメニュー画面に適用","应用于所有菜单界面","Se aplica a todos los menús","Применяется ко всем меню","Aplica-se a todos os menus","Gilt für alle Menüs","S’applique à tous les menus","Dotyczy wszystkich ekranów menu","套用至所有選單畫面","Tüm menü ekranlarına uygulanır"
"Settings.AudioHint","게임 전체의 소리 크기를 조절합니다","Adjust the overall game volume","ゲーム全体の音量を調整","调整游戏整体音量","Ajusta el volumen general del juego","Общая громкость игры","Ajuste o volume geral do jogo","Gesamtlautstärke des Spiels anpassen","Réglez le volume général du jeu","Dostosuj ogólną głośność gry","調整遊戲整體音量","Oyunun genel ses düzeyini ayarlayın"
"Settings.Hint","변경 사항은 자동으로 저장됩니다","Changes are saved automatically","変更は自動的に保存されます","更改将自动保存","Los cambios se guardan automáticamente","Изменения сохраняются автоматически","As alterações são salvas automaticamente","Änderungen werden automatisch gespeichert","Les modifications sont enregistrées automatiquement","Zmiany są zapisywane automatycznie","變更會自動儲存","Değişiklikler otomatik kaydedilir"
"Settings.SaveFailed","언어를 적용했지만 저장하지 못했습니다. 다시 선택해 주세요.","Language applied, but saving failed. Select it again to retry.","言語は適用されましたが保存に失敗しました。もう一度選択してください。","语言已应用，但保存失败。请重新选择以重试。","Idioma aplicado, pero no guardado. Selecciónalo de nuevo.","Язык применён, но не сохранён. Выберите его снова.","Idioma aplicado, mas não foi salvo. Selecione novamente.","Sprache angewendet, aber nicht gespeichert. Erneut auswählen.","Langue appliquée, mais non enregistrée. Sélectionnez-la à nouveau.","Język zmieniony, ale niezapisany. Wybierz go ponownie.","語言已套用，但儲存失敗。請重新選擇以重試。","Dil uygulandı ancak kaydedilemedi. Tekrar seçin."
"Room.Hint","함께 전투할 방을 선택하세요","Choose a room to join the battle","一緒に戦うルームを選びましょう","选择房间，一起战斗","Elige una sala para combatir","Выберите комнату для боя","Escolha uma sala para lutar","Wähle einen Raum für den Kampf","Choisissez un salon pour combattre","Wybierz pokój do wspólnej walki","選擇房間，一起戰鬥","Savaşmak için bir oda seçin"
"Room.Available","참가 가능한 방","Available rooms","参加できるルーム","可加入的房间","Salas disponibles","Доступные комнаты","Salas disponíveis","Verfügbare Räume","Salons disponibles","Dostępne pokoje","可加入的房間","Uygun odalar"
"Room.Refresh","새로고침","Refresh","更新","刷新","Actualizar","Обновить","Atualizar","Aktualisieren","Actualiser","Odśwież","重新整理","Yenile"
"Room.Create","방 만들기","Create room","ルーム作成","创建房间","Crear sala","Создать комнату","Criar sala","Raum erstellen","Créer un salon","Utwórz pokój","建立房間","Oda oluştur"
"Room.Join","참가","Join","参加","加入","Unirse","Войти","Entrar","Beitreten","Rejoindre","Dołącz","加入","Katıl"
"Room.Empty","아직 열린 방이 없습니다. 새로고침하거나 방을 만들어 보세요.","No rooms found. Refresh or create a room.","ルームがありません。更新するか、ルームを作成してください。","暂无房间。请刷新或创建房间。","No hay salas. Actualiza o crea una sala.","Комнаты не найдены. Обновите список или создайте комнату.","Nenhuma sala encontrada. Atualize ou crie uma sala.","Keine Räume gefunden. Aktualisiere die Liste oder erstelle einen Raum.","Aucun salon trouvé. Actualisez ou créez un salon.","Brak pokoi. Odśwież listę lub utwórz pokój.","暫無房間。請重新整理或建立房間。","Oda bulunamadı. Yenileyin veya bir oda oluşturun."
"Room.Name","방 이름","Room name","ルーム名","房间名称","Nombre de la sala","Название комнаты","Nome da sala","Raumname","Nom du salon","Nazwa pokoju","房間名稱","Oda adı"
"Room.NameHint","방 이름을 입력하세요","Enter a room name","ルーム名を入力","输入房间名称","Escribe un nombre","Введите название","Digite um nome","Raumnamen eingeben","Saisissez un nom","Wpisz nazwę pokoju","輸入房間名稱","Oda adı girin"
"Common.Cancel","취소","Cancel","キャンセル","取消","Cancelar","Отмена","Cancelar","Abbrechen","Annuler","Anuluj","取消","İptal"
"Common.Connecting","연결 중…","Connecting…","接続中…","正在连接…","Conectando…","Подключение…","Conectando…","Verbindung wird hergestellt…","Connexion…","Łączenie…","連線中…","Bağlanıyor…"
"Map.Unknown","알 수 없는 맵","Unknown map","不明なマップ","未知地图","Mapa desconocido","Неизвестная карта","Mapa desconhecido","Unbekannte Karte","Carte inconnue","Nieznana mapa","未知地圖","Bilinmeyen harita"
"Shop.Hint","나만의 전투 스타일을 완성하세요","Create your own combat style","自分だけの戦闘スタイルを作ろう","打造专属战斗风格","Crea tu propio estilo de combate","Создайте свой стиль боя","Crie seu próprio estilo de combate","Gestalte deinen eigenen Kampfstil","Créez votre propre style de combat","Stwórz własny styl walki","打造專屬戰鬥風格","Kendi savaş tarzınızı oluşturun"
"Shop.Pandora","판도라","Pandora","パンドラ","潘多拉","Pandora","Пандора","Pandora","Pandora","Pandora","Pandora","潘朵拉","Pandora"
"Shop.Skins","스킨","Skins","スキン","外观","Aspectos","Облики","Visuais","Skins","Apparences","Skórki","外觀","Görünümler"
"Shop.Gold","보유 골드","Gold","所持ゴールド","持有金币","Oro","Золото","Ouro","Gold","Or","Złoto","持有金幣","Altın"
"Shop.Buy","구매하기","Purchase","購入","购买","Comprar","Купить","Comprar","Kaufen","Acheter","Kup","購買","Satın al"
"Shop.Price","{0} 골드","{0} Gold","{0} ゴールド","{0} 金币","{0} de oro","{0} золота","{0} de ouro","{0} Gold","{0} pièces d’or","{0} złota","{0} 金幣","{0} Altın"
"Shop.Owned","보유 중","Owned","所持済み","已拥有","En propiedad","Куплено","Adquirido","Im Besitz","Possédé","Posiadane","已擁有","Sahip olunan"
"Shop.Available","구매 가능","Available","購入可能","可购买","Disponible","Доступно","Disponível","Verfügbar","Disponible","Dostępne","可購買","Satın alınabilir"
"Shop.NeedGold","골드가 부족합니다","Not enough gold","ゴールドが不足しています","金币不足","No tienes suficiente oro","Недостаточно золота","Ouro insuficiente","Nicht genug Gold","Or insuffisant","Za mało złota","金幣不足","Yeterli altın yok"
"Shop.NotForSale","판매하지 않음","Not for sale","販売対象外","暂不出售","No está a la venta","Не продаётся","Não está à venda","Nicht im Verkauf","Non disponible à la vente","Nie na sprzedaż","暫不出售","Satılık değil"
"Shop.ComingSoon","업데이트 예정입니다","Coming in a future update","今後のアップデートで登場予定","将在后续更新中推出","Próximamente en una actualización","Появится в будущем обновлении","Em uma futura atualização","In einem künftigen Update verfügbar","Disponible dans une prochaine mise à jour","W przyszłej aktualizacji","將於後續更新推出","Gelecek bir güncellemede sunulacak"
"Shop.SelectItem","상품을 선택하세요","Select a product","商品を選んでください","请选择商品","Selecciona un producto","Выберите товар","Selecione um produto","Wähle ein Produkt","Sélectionnez un produit","Wybierz produkt","請選擇商品","Bir ürün seçin"
"Shop.AlreadyOwned","이미 보유한 상품입니다","You already own this product","すでに所持しています","您已拥有此商品","Ya tienes este producto","Этот товар уже куплен","Você já possui este produto","Du besitzt dieses Produkt bereits","Vous possédez déjà ce produit","Posiadasz już ten produkt","您已擁有此商品","Bu ürüne zaten sahipsiniz"
"Shop.Unsupported","현재 구매할 수 없는 상품입니다","This product cannot be purchased yet","現在この商品は購入できません","暂时无法购买此商品","Este producto aún no se puede comprar","Этот товар пока нельзя купить","Este produto ainda não pode ser comprado","Dieses Produkt kann noch nicht gekauft werden","Ce produit ne peut pas encore être acheté","Tego produktu nie można jeszcze kupić","暫時無法購買此商品","Bu ürün henüz satın alınamaz"
"Shop.Purchased","{0} 구매 완료","Purchased {0}","{0}を購入しました","已购买{0}","Has comprado {0}","Куплено: {0}","Você comprou {0}","{0} gekauft","Achat effectué : {0}","Kupiono: {0}","已購買{0}","{0} satın alındı"
"Shop.ResetDone","상점 데이터가 초기화되었습니다","Shop data reset","ショップデータをリセットしました","商店数据已重置","Datos de la tienda reiniciados","Данные магазина сброшены","Dados da loja redefinidos","Shopdaten zurückgesetzt","Données de la boutique réinitialisées","Dane sklepu zresetowane","商店資料已重設","Mağaza verileri sıfırlandı"
"Guide.Hint","판도라 배틀의 모든 것","Your guide to Pandora Battle","パンドラバトルのすべて","潘多拉战斗指南","Tu guía de Pandora Battle","Ваш путеводитель по Pandora Battle","Seu guia de Pandora Battle","Dein Leitfaden für Pandora Battle","Votre guide de Pandora Battle","Twój przewodnik po Pandora Battle","潘朵拉戰鬥指南","Pandora Battle rehberiniz"
"Record.Hint","지금까지의 전투를 돌아보세요","Look back on your battles","これまでの戦いを振り返ろう","回顾你的战斗历程","Repasa tus batallas","Вспомните свои сражения","Relembre suas batalhas","Blicke auf deine Kämpfe zurück","Revenez sur vos batailles","Przypomnij sobie swoje bitwy","回顧你的戰鬥歷程","Savaşlarınıza göz atın"
"Record.MyRecord","나의 기록","My record","自分の記録","我的记录","Mi historial","Мои результаты","Meu histórico","Meine Bilanz","Mon bilan","Moje wyniki","我的紀錄","Kayıtlarım"
"Record.Recent","최근 경기","Recent matches","最近の試合","最近比赛","Partidas recientes","Последние матчи","Partidas recentes","Letzte Partien","Parties récentes","Ostatnie mecze","最近比賽","Son maçlar"
"Record.RecentCount","최근 {0}경기","Last {0} matches","直近{0}試合","最近{0}场比赛","Últimas {0} partidas","Последние матчи: {0}","Últimas {0} partidas","Letzte {0} Partien","Les {0} dernières parties","Ostatnie {0} meczów","最近{0}場比賽","Son {0} maç"
"Record.TotalWins","누적 승리","Total wins","通算勝利","累计胜场","Victorias totales","Всего побед","Vitórias totais","Siege insgesamt","Victoires totales","Łączne zwycięstwa","累計勝場","Toplam galibiyet"
"Record.Progress","승리 진행도","Win progress","勝利の進捗","胜场进度","Progreso de victorias","Прогресс побед","Progresso de vitórias","Siegesfortschritt","Progression des victoires","Postęp zwycięstw","勝場進度","Galibiyet ilerlemesi"
"Record.Tier","티어 {0}","Tier {0}","ティア{0}","段位{0}","Nivel {0}","Ранг {0}","Nível {0}","Stufe {0}","Palier {0}","Poziom {0}","階級{0}","Kademe {0}"
"Record.Number","번호","No.","番号","编号","N.º","№","Nº","Nr.","N°","Nr","編號","No."
"Record.Result","결과","Result","結果","结果","Resultado","Результат","Resultado","Ergebnis","Résultat","Wynik","結果","Sonuç"
"Record.Kills","처치","Kills","撃破","击杀","Bajas","Убийства","Abates","Abschüsse","Éliminations","Zabójstwa","擊殺","Öldürme"
"Record.Deaths","사망","Deaths","デス","死亡","Muertes","Смерти","Mortes","Tode","Morts","Zgony","死亡","Ölüm"
"Record.Reward","보상","Reward","報酬","奖励","Recompensa","Награда","Recompensa","Belohnung","Récompense","Nagroda","獎勵","Ödül"
"Record.Win","승리","Win","勝利","胜利","Victoria","Победа","Vitória","Sieg","Victoire","Zwycięstwo","勝利","Zafer"
"Record.Lose","패배","Loss","敗北","失败","Derrota","Поражение","Derrota","Niederlage","Défaite","Porażka","敗北","Yenilgi"
"Record.Empty","아직 경기 기록이 없습니다","No matches recorded yet","まだ試合の記録がありません","暂无比赛记录","Aún no hay partidas registradas","Матчей пока нет","Ainda não há partidas registradas","Noch keine Partien aufgezeichnet","Aucune partie enregistrée","Brak rozegranych meczów","暫無比賽紀錄","Henüz maç kaydı yok"
"Info.All","전체","All","すべて","全部","Todo","Все","Tudo","Alle","Tous","Wszystkie","全部","Tümü"
"Info.Assigned","장착 중","Assigned","装備中","已装备","Equipado","Надето","Equipado","Ausgerüstet","Équipé","Założone","已裝備","Takılı"
"Info.Upgradeable","강화 가능","Upgradeable","強化可能","可强化","Mejorable","Можно улучшить","Aprimorável","Aufwertbar","Améliorable","Do ulepszenia","可強化","Geliştirilebilir"
"Info.Profile","프로필","Profile","プロフィール","资料","Perfil","Профиль","Perfil","Profil","Profil","Profil","資料","Profil"
"Info.Status","능력치","Status","能力値","属性","Atributos","Характеристики","Atributos","Attribute","Attributs","Atrybuty","屬性","Nitelikler"
"Info.Item","아이템","Item","アイテム","物品","Objeto","Предмет","Item","Gegenstand","Objet","Przedmiot","物品","Eşya"
"Info.Skin","스킨","Skin","スキン","外观","Aspecto","Облик","Visual","Aussehen","Apparence","Wygląd","外觀","Görünüm"
"Info.Pandora","판도라","Pandora","パンドラ","潘多拉","Pandora","Пандора","Pandora","Pandora","Pandora","Pandora","潘朵拉","Pandora"
"Info.Map","지도","Map","マップ","地图","Mapa","Карта","Mapa","Karte","Carte","Mapa","地圖","Harita"
"Info.Loadout","장착 구성","Loadout","装備構成","装备配置","Equipamiento","Снаряжение","Equipamento","Ausrüstung","Équipement","Wyposażenie","裝備配置","Donanım"
"Info.Inventory","소지품","Inventory","インベントリ","背包","Inventario","Инвентарь","Inventário","Inventar","Inventaire","Ekwipunek","背包","Envanter"
"Info.SkinInventory","보유 스킨","Skin Inventory","所持スキン","拥有的外观","Aspectos","Облики","Visuais","Aussehen","Apparences","Wyglądy","擁有的外觀","Görünümler"
"Skin.Loadout","스킨 장착","Equipped Skins","スキン装備","外观装备","Aspectos equipados","Надетые облики","Visuais equipados","Ausgerüstete Skins","Apparences équipées","Założone skórki","外觀裝備","Takılı görünümler"
"Skin.EquipHint","부위를 선택한 뒤 스킨을 선택하세요","Select a slot, then choose a skin","部位を選んでからスキンを選択してください","先选择部位，再选择外观","Selecciona una ranura y luego un aspecto","Выберите ячейку, затем облик","Selecione um espaço e depois um visual","Wähle einen Platz und dann einen Skin","Choisissez un emplacement, puis une apparence","Wybierz miejsce, a następnie skórkę","先選擇部位，再選擇外觀","Önce bir yuva, sonra bir görünüm seçin"
"Skin.OpenPaint","페인트 열기","Open Paint","ペイントを開く","打开绘画","Abrir pintura","Открыть рисование","Abrir pintura","Malen öffnen","Ouvrir la peinture","Otwórz malowanie","開啟繪畫","Boyamayı aç"
"Skin.PaintHint","직접 그린 그림으로 개성을 표현하세요","Express yourself with your own drawings","自分で描いた絵で個性を表現しましょう","用自己的画作展现个性","Exprésate con tus propios dibujos","Выразите себя собственными рисунками","Expresse-se com seus próprios desenhos","Zeige deinen Stil mit eigenen Zeichnungen","Exprimez-vous avec vos propres dessins","Wyraź siebie własnymi rysunkami","用自己的畫作展現個性","Kendi çizimlerinizle kendinizi ifade edin"
"Info.PandoraDex","판도라 도감","Pandora Dex","パンドラ図鑑","潘多拉图鉴","Códice Pandora","Атлас Пандоры","Códice Pandora","Pandora-Lexikon","Codex Pandora","Kodeks Pandory","潘朵拉圖鑑","Pandora rehberi"
"Info.Upgrade","판도라 성장","Upgrade","パンドラ強化","潘多拉强化","Mejorar","Улучшить","Aprimorar","Verbessern","Améliorer","Ulepsz","潘朵拉強化","Geliştir"
"Info.DragHint","아이템을 캐릭터에 끌어 장착하세요","Drag items onto your character","キャラクターにドラッグして装備","拖到角色上装备","Arrastra objetos al personaje","Перетащите предмет на персонажа","Arraste itens ao personagem","Gegenstände auf die Figur ziehen","Glissez les objets sur le personnage","Przeciągnij przedmiot na postać","拖曳到角色上裝備","Eşyaları karaktere sürükle"
"Info.Weapons","무기","Weapons","武器","武器","Armas","Оружие","Armas","Waffen","Armes","Broń","武器","Silahlar"
"Info.CombatEquipment","전투 장비","Combat Equipment","戦闘装備","战斗装备","Equipo de combate","Боевое снаряжение","Equipamento de combate","Kampfausrüstung","Équipement de combat","Sprzęt bojowy","戰鬥裝備","Savaş donanımı"
"Info.Accessories","장신구","Accessories","装飾品","饰品","Accesorios","Аксессуары","Acessórios","Accessoires","Accessoires","Akcesoria","飾品","Aksesuarlar"
"Info.QuickSlots","퀵 슬롯","Quick Slots","クイックスロット","快捷栏","Acceso rápido","Быстрые слоты","Atalhos","Schnellzugriff","Accès rapide","Szybkie sloty","快捷欄","Hızlı yuvalar"
"Info.InteractSlots","도구 슬롯","Interact Slots","道具スロット","工具栏","Herramientas","Инструменты","Ferramentas","Werkzeuge","Outils","Narzędzia","工具欄","Araç yuvaları"
"Info.Outfits","의상","Outfits","衣装","服装","Atuendos","Одежда","Trajes","Kleidung","Tenues","Stroje","服裝","Kıyafetler"
"Info.Cosmetics","꾸미기","Cosmetics","装飾","装饰","Adornos","Украшения","Adornos","Kosmetik","Ornements","Ozdoby","裝飾","Süslemeler"
"Info.Gestures","동작","Gestures","ジェスチャー","动作","Gestos","Жесты","Gestos","Gesten","Gestes","Gesty","動作","Hareketler"
"Info.Companions","동료","Companions","仲間","伙伴","Compañeros","Спутники","Companheiros","Begleiter","Compagnons","Towarzysze","夥伴","Yoldaşlar"
"Info.Draw","페인트","Draw","ペイント","绘画","Pintar","Рисование","Pintar","Malen","Peinture","Malowanie","繪畫","Boyama"
"Info.Hat","모자","Hat","帽子","帽子","Sombrero","Шляпа","Chapéu","Hut","Chapeau","Kapelusz","帽子","Şapka"
"Info.Top","상의","Top","上着","上衣","Parte superior","Верх","Parte superior","Oberteil","Haut","Góra","上衣","Üst"
"Info.Bottom","하의","Bottom","ボトムス","下装","Parte inferior","Низ","Parte inferior","Unterteil","Bas","Dół","下裝","Alt"
"Info.Shoes","신발","Shoes","靴","鞋子","Calzado","Обувь","Calçados","Schuhe","Chaussures","Buty","鞋子","Ayakkabı"
"Info.Earring","귀걸이","Earring","耳飾り","耳环","Pendiente","Серьга","Brinco","Ohrring","Boucle d’oreille","Kolczyk","耳環","Küpe"
"Info.Necklace","목걸이","Necklace","首飾り","项链","Collar","Ожерелье","Colar","Halskette","Collier","Naszyjnik","項鍊","Kolye"
"Info.Ring","반지","Ring","指輪","戒指","Anillo","Кольцо","Anel","Ring","Anneau","Pierścień","戒指","Yüzük"
"Info.Rune","룬","Rune","ルーン","符文","Runa","Руна","Runa","Rune","Rune","Runa","符文","Rün"
"Info.Head","머리","Head","頭","头部","Cabeza","Голова","Cabeça","Kopf","Tête","Głowa","頭部","Baş"
"Info.SkinColor","피부색","Skin Color","肌の色","肤色","Color de piel","Цвет кожи","Cor da pele","Hautfarbe","Couleur de peau","Kolor skóry","膚色","Ten rengi"
"Info.Back","등","Back","背中","背部","Espalda","Спина","Costas","Rücken","Dos","Plecy","背部","Sırt"
"Info.Aura","오라","Aura","オーラ","光环","Aura","Аура","Aura","Aura","Aura","Aura","光環","Aura"
"Info.Riding","탈것","Riding","乗り物","坐骑","Montura","Транспорт","Montaria","Reittier","Monture","Wierzchowiec","坐騎","Binek"
"Info.Pet","펫","Pet","ペット","宠物","Mascota","Питомец","Mascote","Haustier","Familier","Zwierzak","寵物","Evcil hayvan"
"Info.FirstWeapon","무기 1","Weapon 1","武器 1","武器 1","Arma 1","Оружие 1","Arma 1","Waffe 1","Arme 1","Broń 1","武器 1","Silah 1"
"Info.SecondWeapon","무기 2","Weapon 2","武器 2","武器 2","Arma 2","Оружие 2","Arma 2","Waffe 2","Arme 2","Broń 2","武器 2","Silah 2"
"Info.ThirdWeapon","무기 3","Weapon 3","武器 3","武器 3","Arma 3","Оружие 3","Arma 3","Waffe 3","Arme 3","Broń 3","武器 3","Silah 3"
"Info.Achievement","업적","Achievement","実績","成就","Logros","Достижения","Conquistas","Erfolge","Succès","Osiągnięcia","成就","Başarımlar"
"Info.Tier","티어","Tier","ティア","段位","Rango","Ранг","Patente","Rang","Rang","Ranga","段位","Kademe"
"Info.WinCount","승리 횟수","Win Count","勝利数","胜利次数","Victorias","Победы","Vitórias","Siege","Victoires","Zwycięstwa","勝利次數","Zafer sayısı"
"Info.Ranking","순위","Ranking","ランキング","排名","Clasificación","Рейтинг","Classificação","Rangliste","Classement","Ranking","排名","Sıralama"
"Info.ComingSoon","준비 중","Coming Soon","準備中","即将推出","Próximamente","Скоро","Em breve","Demnächst","Bientôt","Wkrótce","即將推出","Yakında"
"Info.Points","포인트","Points","ポイント","点数","Puntos","Очки","Pontos","Punkte","Points","Punkty","點數","Puan"
"Info.Result","결과","Result","結果","结果","Resultado","Итог","Resultado","Ergebnis","Résultat","Wynik","結果","Sonuç"
"Info.Offense","공격","Offense","攻撃","攻击","Ataque","Атака","Ataque","Angriff","Attaque","Atak","攻擊","Saldırı"
"Info.Defense","방어","Defense","防御","防御","Defensa","Защита","Defesa","Verteidigung","Défense","Obrona","防禦","Savunma"
"Info.Resistance","저항","Resistance","耐性","抗性","Resistencia","Сопротивление","Resistência","Resistenz","Résistance","Odporność","抗性","Direnç"
"Info.SoulForce","판도라 포스","Pandora Force","パンドラフォース","潘多拉之力","Fuerza Pandora","Сила Пандоры","Força Pandora","Pandora-Kraft","Force Pandora","Moc Pandory","潘朵拉之力","Pandora gücü"
"Info.Resource","자원","Resource","リソース","资源","Recursos","Ресурсы","Recursos","Ressourcen","Ressources","Zasoby","資源","Kaynak"
"Info.Agility","민첩","Agility","敏捷","敏捷","Agilidad","Ловкость","Agilidade","Geschick","Agilité","Zwinność","敏捷","Çeviklik"
"Info.Strength","힘","Strength","力","力量","Fuerza","Сила","Força","Stärke","Force","Siła","力量","Güç"
"Info.Intelligence","지능","Intelligence","知力","智力","Inteligencia","Интеллект","Inteligência","Intelligenz","Intelligence","Inteligencja","智力","Zekâ"
"Info.Critical","치명타","Critical","クリティカル","暴击","Crítico","Критический удар","Crítico","Kritisch","Critique","Trafienie krytyczne","暴擊","Kritik"
"Info.Armor","방어력","Armor","装甲","护甲","Armadura","Броня","Armadura","Rüstung","Armure","Pancerz","護甲","Zırh"
"Info.Recovery","회복","Recovery","回復","恢复","Recuperación","Восстановление","Recuperação","Regeneration","Récupération","Regeneracja","恢復","İyileşme"
"Info.Shield","보호막","Shield","シールド","护盾","Escudo","Щит","Escudo","Schild","Bouclier","Tarcza","護盾","Kalkan"
"Info.Burn","화상","Burn","火傷","灼烧","Quemadura","Ожог","Queimadura","Verbrennung","Brûlure","Oparzenie","灼燒","Yanık"
"Info.Frostbite","동상","Frostbite","凍傷","冻伤","Congelación","Обморожение","Congelamento","Erfrierung","Gelure","Odmrożenie","凍傷","Donma"
"Info.ElectricShock","감전","Electric Shock","感電","触电","Descarga","Электрошок","Choque elétrico","Stromschlag","Électrocution","Porażenie","觸電","Elektrik şoku"
"Info.FirstPandora","퍼스트 판도라","First Pandora","ファーストパンドラ","第一潘多拉","Primera Pandora","Первая Пандора","Primeira Pandora","Erste Pandora","Première Pandora","Pierwsza Pandora","第一潘朵拉","Birinci Pandora"
"Info.SecondPandora","세컨드 판도라","Second Pandora","セカンドパンドラ","第二潘多拉","Segunda Pandora","Вторая Пандора","Segunda Pandora","Zweite Pandora","Deuxième Pandora","Druga Pandora","第二潘朵拉","İkinci Pandora"
"Info.ThirdPandora","써드 판도라","Third Pandora","サードパンドラ","第三潘多拉","Tercera Pandora","Третья Пандора","Terceira Pandora","Dritte Pandora","Troisième Pandora","Trzecia Pandora","第三潘朵拉","Üçüncü Pandora"
"Status.Remaining","잔여","Left","残り","剩余","Restan","Остаток","Restam","Übrig","Restants","Zostało","剩餘","Kalan"
"Status.Final","최종","Final","最終","最终","Final","Итог","Final","Gesamt","Final","Wynik","最終","Son"
"Status.InvestmentBonus","투자 + 보너스","Invested + bonus","投資 + ボーナス","投入 + 加成","Invertido + bonificación","Вложено + бонус","Investido + bônus","Investiert + Bonus","Investi + bonus","Wydane + premia","投入 + 加成","Yatırım + bonus"
"Status.Increase","포인트 투자","Invest a point","ポイントを振る","投入点数","Invertir un punto","Вложить очко","Investir um ponto","Punkt investieren","Investir un point","Wydaj punkt","投入點數","Puan yatır"
"Status.Decrease","포인트 회수","Refund a point","ポイントを戻す","返还点数","Recuperar un punto","Вернуть очко","Recuperar um ponto","Punkt zurücknehmen","Récupérer un point","Odzyskaj punkt","返還點數","Puanı geri al"
"Info.Health","체력","Health","体力","生命","Salud","Здоровье","Vida","Gesundheit","Santé","Zdrowie","生命","Can"
"Info.Mana","마나","Mana","マナ","法力","Maná","Мана","Mana","Mana","Mana","Mana","法力","Mana"
"Info.Stamina","스태미나","Stamina","スタミナ","耐力","Energía","Выносливость","Vigor","Ausdauer","Endurance","Wytrzymałość","耐力","Dayanıklılık"
"Info.AttackSpeed","공격 속도","Attack Speed","攻撃速度","攻击速度","Velocidad de ataque","Скорость атаки","Velocidade de ataque","Angriffstempo","Vitesse d’attaque","Szybkość ataku","攻擊速度","Saldırı hızı"
"Info.MovementSpeed","이동 속도","Movement Speed","移動速度","移动速度","Velocidad","Скорость движения","Velocidade","Bewegungstempo","Vitesse","Szybkość ruchu","移動速度","Hareket hızı"
"Info.Arcane","비전","Arcane","秘術","奥术","Arcano","Мистика","Arcano","Arkan","Arcanes","Arkany","奧術","Gizem"
"Info.Weapon","무기","Weapon","武器","武器","Arma","Оружие","Arma","Waffe","Arme","Broń","武器","Silah"
"Info.Equipment","장비","Equipment","装備","装备","Equipo","Снаряжение","Equipamento","Ausrüstung","Équipement","Wyposażenie","裝備","Donanım"
"Info.Consumable","소모품","Consumable","消耗品","消耗品","Consumibles","Расходники","Consumíveis","Verbrauch","Consommables","Zużywalne","消耗品","Tüketilebilir"
"Info.Valuable","귀중품","Valuable","貴重品","贵重品","Objetos valiosos","Ценности","Valiosos","Wertsachen","Objets précieux","Kosztowności","貴重品","Değerli"
"Info.Offensive","공격형","Offensive","攻撃型","攻击型","Ataque","Атака","Ataque","Angriff","Attaque","Atak","攻擊型","Saldırı"
"Info.Defensive","방어형","Defensive","防御型","防御型","Defensa","Защита","Defesa","Abwehr","Défense","Obrona","防禦型","Savunma"
"Info.Support","지원형","Support","支援型","辅助型","Apoyo","Поддержка","Suporte","Hilfe","Soutien","Wsparcie","輔助型","Destek"
"Info.Special","특수형","Special","特殊型","特殊型","Especial","Особые","Especial","Spezial","Spécial","Specjalne","特殊型","Özel"
"Info.Search","이름으로 검색","Search by name","名前で検索","按名称搜索","Buscar por nombre","Поиск по имени","Buscar por nome","Nach Namen suchen","Rechercher par nom","Szukaj po nazwie","依名稱搜尋","Ada göre ara"
"Info.Combine","중복된 무기나 장비를 합쳐 강화할 수 있습니다.","Combine duplicate weapons or equipment to upgrade them.","重複する武器や装備を合成して強化できます。","合成重复的武器或装备进行强化。","Combina equipo duplicado para mejorarlo.","Объединяйте одинаковое снаряжение для улучшения.","Combine equipamentos repetidos para aprimorá-los.","Gleiche Ausrüstung zum Verbessern kombinieren.","Combinez les équipements en double pour les améliorer.","Łącz powtórzony sprzęt, aby go ulepszać.","合成重複的武器或裝備進行強化。","Aynı donanımları birleştirerek geliştir."
"Info.Windmill","풍차","Windmill","風車","风车","Molino","Мельница","Moinho","Windmühle","Moulin","Wiatrak","風車","Yel değirmeni"
"Info.Dome","돔","Dome","ドーム","穹顶","Cúpula","Купол","Cúpula","Kuppel","Dôme","Kopuła","穹頂","Kubbe"
"Info.Temple","사원","Temple","神殿","神殿","Templo","Храм","Templo","Tempel","Temple","Świątynia","神殿","Tapınak"
"Info.AreaMap","전체 지도","Area Map","全体マップ","全图","Mapa general","Общая карта","Mapa geral","Gesamtkarte","Carte générale","Mapa ogólna","全圖","Genel harita"
"Paint.Title","페인트 작업실","Paint studio","ペイント工房","绘画工坊","Taller de pintura","Мастерская рисунка","Ateliê de pintura","Malatelier","Atelier de peinture","Pracownia malarska","繪畫工坊","Boyama atölyesi"
"Paint.Canvas","그림판","Canvas","キャンバス","画布","Lienzo","Холст","Tela","Leinwand","Toile","Płótno","畫布","Tuval"
"Paint.FacePreview","얼굴 미리보기","Face preview","顔のプレビュー","脸部预览","Vista del rostro","Просмотр лица","Prévia do rosto","Gesichtsvorschau","Aperçu du visage","Podgląd twarzy","臉部預覽","Yüz önizlemesi"
"Paint.SpeechPreview","말풍선 미리보기","Speech bubble preview","吹き出しプレビュー","气泡预览","Vista del bocadillo","Просмотр облачка","Prévia do balão","Sprechblasenvorschau","Aperçu de la bulle","Podgląd dymku","氣泡預覽","Konuşma balonu önizlemesi"
"Paint.Hint","미리보기는 자동으로 갱신됩니다. 적용 버튼으로 확정하세요.","Preview updates as you draw. Use an apply button to confirm.","描くと自動更新。適用ボタンで確定してください。","绘画时自动预览，点击应用确认。","La vista se actualiza al dibujar. Pulsa aplicar para confirmar.","Просмотр обновляется при рисовании. Подтвердите кнопкой применения.","A prévia acompanha o desenho. Confirme com aplicar.","Vorschau aktualisiert sich beim Malen. Mit Anwenden bestätigen.","L’aperçu suit le dessin. Confirmez avec Appliquer.","Podgląd zmienia się podczas rysowania. Potwierdź przyciskiem.","繪畫時自動預覽，點擊套用確認。","Çizdikçe önizleme güncellenir. Uygula ile onayla."
"Paint.ApplyFace","얼굴에 적용","Apply to face","顔に適用","应用到脸部","Aplicar al rostro","Нанести на лицо","Aplicar ao rosto","Auf Gesicht anwenden","Appliquer au visage","Nałóż na twarz","套用至臉部","Yüze uygula"
"Paint.Share","말풍선으로 표시","Show in speech bubble","吹き出しに表示","显示为气泡","Mostrar en bocadillo","Показать в облачке","Mostrar em balão","Als Sprechblase zeigen","Afficher dans une bulle","Pokaż w dymku","顯示為氣泡","Balonda göster"
"Profile.LevelShort","Lv.","Lv.","Lv.","等级","Nv.","Ур.","Nv.","Lv.","Niv.","Poz.","等級","Sv."
"Profile.ExperienceShort","EXP","EXP","EXP","经验","EXP","ОП","EXP","EP","EXP","PD","經驗","DP"
"Profile.HealthShort","HP","HP","HP","生命","PV","ОЗ","PV","LP","PV","PŻ","生命","CP"
"Profile.ManaShort","MP","MP","MP","法力","PM","ОМ","PM","MP","PM","PM","法力","MP"
"Profile.SelectAchievement","대표 업적으로 선택","Select as profile achievement","プロフィールの実績に設定","设为个人成就徽章","Elegir insignia de perfil","Выбрать значок профиля","Escolher conquista do perfil","Als Profilabzeichen wählen","Choisir comme insigne de profil","Ustaw jako odznakę profilu","設為個人成就徽章","Profil başarımı olarak seç"
"Profile.AchievementsLoading","업적 정보를 불러오는 중입니다","Loading achievements…","実績を読み込み中…","正在加载成就…","Cargando logros…","Загрузка достижений…","Carregando conquistas…","Erfolge werden geladen…","Chargement des succès…","Wczytywanie osiągnięć…","正在載入成就…","Başarımlar yükleniyor…"
"Profile.AchievementsUnavailable","현재 표시할 업적 정보가 없습니다","No achievement data available","表示できる実績情報がありません","暂无可显示的成就信息","No hay datos de logros disponibles","Нет доступных данных о достижениях","Nenhum dado de conquista disponível","Keine Erfolgsdaten verfügbar","Aucune donnée de succès disponible","Brak dostępnych danych osiągnięć","暫無可顯示的成就資訊","Gösterilecek başarım bilgisi yok"
"Pandora.Loadout","판도라 장착","Pandora Loadout","パンドラ装備","潘多拉装备","Equipo Pandora","Снаряжение Пандоры","Equipar Pandora","Pandora-Ausrüstung","Équipement Pandora","Wyposażenie Pandory","潘朵拉裝備","Pandora donanımı"
"Pandora.LinkedWeapons","연결 무기","Linked weapons","連携武器","关联武器","Armas vinculadas","Связанное оружие","Armas vinculadas","Verknüpfte Waffen","Armes associées","Powiązane bronie","關聯武器","Bağlı silahlar"
"Pandora.RequiredWeapons","사용 무기","Weapon types","対応武器","适用武器","Tipos de arma","Типы оружия","Tipos de arma","Waffentypen","Types d’armes","Typy broni","適用武器","Silah türleri"
"Pandora.Empty","미장착","Not equipped","未装備","未装备","Sin equipar","Не экипировано","Não equipado","Nicht ausgerüstet","Non équipé","Nie wyposażono","未裝備","Kuşanılmadı"
"Pandora.Owned","보유","Owned","所持","已拥有","En propiedad","В наличии","Adquirido","Im Besitz","Possédé","Posiadane","已擁有","Sahip olunan"
"Pandora.Unowned","미보유","Not owned","未所持","未拥有","Sin adquirir","Не получено","Não adquirido","Nicht im Besitz","Non possédé","Nieposiadane","未擁有","Sahip olunmayan"
"Pandora.EquipHint","장착 슬롯을 선택한 뒤 판도라를 선택하세요","Select a slot, then choose a Pandora","装備スロットを選び、パンドラを選択してください","先选择装备栏位，再选择潘多拉","Selecciona una ranura y luego una Pandora","Выберите ячейку, затем Пандору","Selecione um espaço e depois uma Pandora","Wähle einen Platz und dann eine Pandora","Choisissez un emplacement, puis une Pandora","Wybierz miejsce, a następnie Pandorę","先選擇裝備欄位，再選擇潘朵拉","Bir yuva seç, ardından bir Pandora seç"
"Pandora.DetailHint","마우스를 올려 상세 정보를 확인하세요","Hover to view details","カーソルを合わせると詳細を表示","悬停查看详细信息","Pasa el cursor para ver detalles","Наведите курсор для подробностей","Passe o cursor para ver detalhes","Für Details mit der Maus berühren","Survolez pour voir les détails","Najedź kursorem, aby zobaczyć szczegóły","懸停查看詳細資訊","Ayrıntılar için imleci üzerine getir"
"Pandora.Level","Lv. {Level}","Lv. {Level}","Lv. {Level}","等级 {Level}","Nv. {Level}","Ур. {Level}","Nv. {Level}","Lv. {Level}","Niv. {Level}","Poz. {Level}","等級 {Level}","Sv. {Level}"
"Pandora.FirstShort","퍼스트","First","ファースト","第一","Primera","Первая","Primeira","Erste","Première","Pierwsza","第一","Birinci"
"Pandora.SecondShort","세컨드","Second","セカンド","第二","Segunda","Вторая","Segunda","Zweite","Deuxième","Druga","第二","İkinci"
"Pandora.ThirdShort","써드","Third","サード","第三","Tercera","Третья","Terceira","Dritte","Troisième","Trzecia","第三","Üçüncü"
"Pandora.Expand","펼치기","Expand","展開","展开","Desplegar","Развернуть","Expandir","Ausklappen","Déployer","Rozwiń","展開","Genişlet"
"Pandora.Collapse","접기","Collapse","閉じる","收起","Plegar","Свернуть","Recolher","Einklappen","Replier","Zwiń","收起","Daralt"
"Pandora.GrowthShort","성장","Growth","成長","成长","Mejora","Развитие","Evolução","Wachstum","Évolution","Rozwój","成長","Gelişim"
"Pandora.ExpandHint","오른쪽으로 판도라 성장 펼치기","Expand Pandora growth to the right","右側にパンドラ成長を展開","向右展开潘多拉成长","Desplegar mejoras de Pandora a la derecha","Развернуть развитие Пандоры справа","Expandir evolução de Pandora à direita","Pandora-Wachstum rechts ausklappen","Déployer l’évolution de Pandora à droite","Rozwiń rozwój Pandory po prawej","向右展開潘朵拉成長","Pandora gelişimini sağa genişlet"
"Pandora.CollapseHint","성장 트리를 접고 판도라 목록 보기","Collapse growth and return to the Pandora list","成長を閉じてパンドラ一覧へ","收起成长树并返回潘多拉列表","Plegar mejoras y volver a la lista","Свернуть развитие и вернуться к списку","Recolher evolução e voltar à lista","Wachstum einklappen und Liste anzeigen","Replier l’évolution et revenir à la liste","Zwiń rozwój i wróć do listy","收起成長樹並返回潘朵拉清單","Gelişimi daralt ve Pandora listesine dön"
"Pandora.GrowthTitle","판도라 성장","Pandora Growth","パンドラ成長","潘多拉成长","Mejora de Pandora","Развитие Пандоры","Evolução de Pandora","Pandora-Wachstum","Évolution de Pandora","Rozwój Pandory","潘朵拉成長","Pandora gelişimi"
"Pandora.GrowthSubtitle","장착한 판도라와 함께, 다음 힘을 깨우세요","Awaken the next power of your Pandora","装備中のパンドラと、次の力を目覚めさせよう","唤醒潘多拉的下一重力量","Despierta el siguiente poder de tu Pandora","Пробудите новую силу Пандоры","Desperte o próximo poder de sua Pandora","Erwecke die nächste Kraft deiner Pandora","Éveillez le prochain pouvoir de votre Pandora","Obudź kolejną moc swojej Pandory","喚醒潘朵拉的下一重力量","Pandora’nın bir sonraki gücünü uyandır"
"Pandora.Points","소울 더스트: {0}","Soul Dust: {0}","ソウルダスト: {0}","灵魂之尘：{0}","Polvo de alma: {0}","Пыль душ: {0}","Pó de alma: {0}","Seelenstaub: {0}","Poussière d’âme : {0}","Pył duszy: {0}","靈魂之塵：{0}","Ruh tozu: {0}"
"Pandora.GrowthHint","왼쪽 클릭을 길게 눌러 성장 · 마우스를 올려 상세 보기","Hold left click to grow · Hover for details","左クリック長押しで成長 · カーソルを合わせて詳細","长按鼠标左键成长 · 悬停查看详情","Mantén clic izquierdo para mejorar · Pasa el cursor para detalles","Удерживайте ЛКМ для развития · Наведите курсор для деталей","Segure o clique esquerdo para evoluir · Passe o cursor para detalhes","Linksklick halten zum Verbessern · Mauszeiger für Details","Maintenez le clic gauche pour évoluer · Survolez pour les détails","Przytrzymaj lewy przycisk, aby rozwinąć · Najedź, aby zobaczyć szczegóły","長按滑鼠左鍵成長 · 懸停查看詳情","Geliştirmek için sol tıkla basılı tut · Ayrıntılar için üzerine gel"
"Pandora.GrowthReady","성장 가능","Ready to grow","成長可能","可成长","Mejora disponible","Можно улучшить","Pode evoluir","Verbesserung möglich","Évolution possible","Można rozwinąć","可成長","Geliştirilebilir"
"Pandora.Reset","성장 초기화","Reset growth","成長をリセット","重置成长","Reiniciar mejoras","Сбросить развитие","Redefinir evolução","Wachstum zurücksetzen","Réinitialiser l’évolution","Zresetuj rozwój","重置成長","Gelişimi sıfırla"
"Pandora.ResetHint","투자한 소울 더스트를 돌려받고 성장을 초기화합니다","Refund invested Soul Dust and reset growth","投資したソウルダストを返還し、成長をリセット","返还投入的灵魂之尘并重置成长","Recupera el polvo de alma invertido y reinicia las mejoras","Вернуть вложенную пыль душ и сбросить развитие","Reembolsa o pó de alma investido e redefine a evolução","Investierten Seelenstaub erstatten und Wachstum zurücksetzen","Récupérer la poussière d’âme investie et réinitialiser l’évolution","Odzyskaj zainwestowany pył duszy i zresetuj rozwój","返還投入的靈魂之塵並重置成長","Harcanan ruh tozunu geri al ve gelişimi sıfırla"
"Pandora.Equip","장착","Equip","装備","装备","Equipar","Надеть","Equipar","Ausrüsten","Équiper","Wyposaż","裝備","Kuşan"
"Pandora.Unequip","장착 해제","Unequip","装備解除","卸下","Quitar","Снять","Desequipar","Ablegen","Retirer","Zdejmij","卸下","Çıkar"
"HUD.Combat","전투 기술","Combat arts","戦闘スキル","战斗技能","Técnicas de combate","Боевые навыки","Técnicas de combate","Kampfkünste","Arts du combat","Sztuki walki","戰鬥技能","Savaş teknikleri"
"HUD.Scoreboard","점수판","Scoreboard","スコアボード","记分板","Marcador","Таблица счёта","Placar","Punktestand","Tableau des scores","Tablica wyników","計分板","Skor tablosu"
"HUD.ChatActive","메시지를 입력하세요","Enter a message","メッセージを入力","输入消息","Escribe un mensaje","Введите сообщение","Digite uma mensagem","Nachricht eingeben","Saisissez un message","Wpisz wiadomość","輸入訊息","Mesaj yazın"
"HUD.ChatIdle","Enter · 채팅","Enter · Chat","Enter · チャット","Enter · 聊天","Enter · Chat","Enter · Чат","Enter · Chat","Enter · Chat","Entrée · Chat","Enter · Czat","Enter · 聊天","Enter · Sohbet"
"HUD.LobbyHint","L · 대기실 열기","L · Open lobby","L · ロビーを開く","L · 打开大厅","L · Abrir sala","L · Открыть лобби","L · Abrir sala","L · Lobby öffnen","L · Ouvrir le salon","L · Otwórz poczekalnię","L · 開啟大廳","L · Lobiyi aç"
"Product./Game/Pandora/Data/DA_Pandora_Angel.DA_Pandora_Angel.Name","천사","Angel","天使","天使","Ángel","Ангел","Anjo","Engel","Ange","Anioł","天使","Melek"
"Product./Game/Pandora/Data/DA_Pandora_Angel.DA_Pandora_Angel.Description","미카엘의 광휘가 남긴 흔적. 하늘이 아직 에라디온을 버리지 않았다고 믿는 이에게만 응답한다고 전해집니다.","A remnant of Michael’s radiance, said to answer only those who still believe the sky has not abandoned Eradion.","ミカエルの輝きの残滓。天がまだエラディオンを見捨てていないと信じる者にだけ応えるといいます。","米迦勒光辉的残迹，据说只回应仍相信天空尚未抛弃埃拉迪恩的人。","Un vestigio del resplandor de Michael que solo responde a quienes aún creen que el cielo no ha abandonado Eradion.","Остаток сияния Михаэля. Говорят, он отвечает лишь тем, кто верит, что небеса ещё не покинули Эрадион.","Um vestígio do esplendor de Michael que só responde a quem ainda acredita que o céu não abandonou Eradion.","Ein Rest von Michaels Glanz, der nur jenen antworten soll, die glauben, der Himmel habe Eradion noch nicht verlassen.","Un vestige de l’éclat de Michael, qui ne répondrait qu’à ceux qui croient encore que le ciel n’a pas abandonné Eradion.","Pozostałość blasku Michaela, która podobno odpowiada tylko tym, którzy wierzą, że niebo nie opuściło Eradionu.","米迦勒光輝的殘跡，據說只回應仍相信天空尚未拋棄艾拉迪恩的人。","Michael’ın ışığından bir kalıntı. Yalnızca gökyüzünün Eradion’u terk etmediğine hâlâ inananlara yanıt verdiği söylenir."
"Product./Game/Pandora/Data/DA_Pandora_AzureDragon.DA_Pandora_AzureDragon.Name","청룡","Azure Dragon","青龍","青龙","Dragón Azur","Лазурный дракон","Dragão Azul","Azurdrache","Dragon azur","Lazurowy Smok","青龍","Mavi Ejderha"
"Product./Game/Pandora/Data/DA_Pandora_AzureDragon.DA_Pandora_AzureDragon.Description","청룡의 전설에서 태어난 푸른 소울 더스트. 강의 고요함과 고대 수호자의 긍지를 품고 있습니다.","A blue soul-dust born from the legend of the Azure Dragon, carrying the calm of rivers and the pride of ancient guardians.","青龍の伝説から生まれた青いソウルダスト。川の静けさと古の守護者の誇りを宿しています。","诞生于青龙传说的蓝色灵魂尘埃，蕴含河流的宁静与古老守护者的骄傲。","Un polvo de alma azul nacido de la leyenda del Dragón Azur, con la calma de los ríos y el orgullo de antiguos guardianes.","Синяя пыль душ, рождённая легендой о Лазурном драконе. В ней покой рек и гордость древних хранителей.","Uma poeira de alma azul nascida da lenda do Dragão Azul, com a calma dos rios e o orgulho de antigos guardiões.","Blauer Seelenstaub aus der Legende des Azurdrachen, erfüllt von der Ruhe der Flüsse und dem Stolz alter Wächter.","Une poussière d’âme bleue née de la légende du Dragon azur, portant le calme des rivières et la fierté des anciens gardiens.","Błękitny pył dusz z legendy o Lazurowym Smoku, niosący spokój rzek i dumę pradawnych strażników.","誕生於青龍傳說的藍色靈魂塵埃，蘊含河流的寧靜與古老守護者的驕傲。","Mavi Ejderha efsanesinden doğan mavi bir ruh tozu. Nehirlerin huzurunu ve kadim muhafızların gururunu taşır."
"Product./Game/Pandora/Data/DA_Pandora_Berserker.DA_Pandora_Berserker.Name","광전사","Berserker","狂戦士","狂战士","Berserker","Берсерк","Berserker","Berserker","Berserker","Berserker","狂戰士","Berserker"
"Product./Game/Pandora/Data/DA_Pandora_Berserker.DA_Pandora_Berserker.Description","두려움도 작별 인사도 없이 신인전쟁에 뛰어든 이름 없는 전사들이 빚어낸 격렬한 판도라입니다.","A violent Pandora shaped by nameless warriors who charged into the Divine-Human War without fear or farewell.","恐れも別れの言葉もなく神人戦争へ突き進んだ、名もなき戦士たちが形作った激しいパンドラです。","由无名战士塑造的狂暴潘多拉，他们无惧无别地冲入了神人战争。","Una Pandora violenta forjada por guerreros anónimos que se lanzaron a la Guerra Divino-Humana sin miedo ni despedida.","Яростная Пандора безымянных воинов, бросившихся в войну богов и людей без страха и прощания.","Uma Pandora violenta moldada por guerreiros anônimos que avançaram na Guerra Divino-Humana sem medo nem despedida.","Eine wilde Pandora, geformt von namenlosen Kriegern, die ohne Furcht oder Abschied in den Krieg der Götter und Menschen zogen.","Une Pandora violente façonnée par des guerriers anonymes partis à la guerre des dieux et des hommes sans peur ni adieux.","Gwałtowna Pandora bezimiennych wojowników, którzy ruszyli na wojnę bogów i ludzi bez lęku i pożegnania.","由無名戰士塑造的狂暴潘朵拉，他們無懼無別地衝入了神人戰爭。","Tanrı-İnsan Savaşı’na korkusuzca ve vedasız atılan isimsiz savaşçıların şekillendirdiği vahşi bir Pandora."
"Product./Game/Pandora/Data/DA_Pandora_Blood.DA_Pandora_Blood.Name","피","Blood","血","鲜血","Sangre","Кровь","Sangue","Blut","Sang","Krew","鮮血","Kan"
"Product./Game/Pandora/Data/DA_Pandora_Blood.DA_Pandora_Blood.Description","피의 이름 아래 맺어진 모든 맹세와 배신, 치러진 대가를 기억하는 진홍빛 판도라입니다.","A crimson Pandora that remembers every oath, betrayal, and price ever paid beneath the name of blood.","血の名のもとに交わされたすべての誓いと裏切り、支払われた代償を記憶する深紅のパンドラです。","猩红色的潘多拉，记得以血之名许下的每个誓言、每次背叛与付出的所有代价。","Una Pandora carmesí que recuerda cada juramento, traición y precio pagado en nombre de la sangre.","Багровая Пандора, помнящая каждую клятву, предательство и цену, уплаченную во имя крови.","Uma Pandora carmesim que lembra cada juramento, traição e preço pago em nome do sangue.","Eine purpurrote Pandora, die jeden Schwur, jeden Verrat und jeden im Namen des Blutes gezahlten Preis erinnert.","Une Pandora cramoisie qui se souvient de chaque serment, trahison et prix payé au nom du sang.","Karmazynowa Pandora pamiętająca każdą przysięgę, zdradę i cenę zapłaconą w imię krwi.","猩紅色的潘朵拉，記得以血之名許下的每個誓言、每次背叛與付出的所有代價。","Kan adına edilen her yemini, yapılan her ihaneti ve ödenen her bedeli hatırlayan kızıl bir Pandora."
"Product./Game/Pandora/Data/DA_Pandora_Camera.DA_Pandora_Camera.Name","카메라","Camera","カメラ","相机","Cámara","Камера","Câmera","Kamera","Caméra","Aparat","相機","Kamera"
"Product./Game/Pandora/Data/DA_Pandora_Camera.DA_Pandora_Camera.Description","에라드의 감시 실험에서 태어난 기묘한 판도라. 잊혔어야 할 순간들을 간직하고 있습니다.","A strange Pandora born from Erad’s surveillance experiments, preserving moments that should have been forgotten.","エラドの監視実験から生まれた奇妙なパンドラ。忘れ去られるはずだった瞬間を保存しています。","诞生于埃拉德监视实验的奇异潘多拉，保存着本该被遗忘的瞬间。","Una extraña Pandora nacida de los experimentos de vigilancia de Erad, que conserva momentos que debieron olvidarse.","Странная Пандора, рождённая опытами Эрада по наблюдению. Она хранит мгновения, которым следовало быть забытыми.","Uma estranha Pandora nascida dos experimentos de vigilância de Erad, preservando momentos que deveriam ter sido esquecidos.","Eine seltsame Pandora aus Erads Überwachungsexperimenten, die Momente bewahrt, die hätten vergessen werden sollen.","Une étrange Pandora née des expériences de surveillance d’Erad, conservant des instants qui auraient dû être oubliés.","Dziwna Pandora z eksperymentów obserwacyjnych Erada, zachowująca chwile, które powinny zostać zapomniane.","誕生於艾拉德監視實驗的奇異潘朵拉，保存著本該被遺忘的瞬間。","Erad’ın gözetleme deneylerinden doğan tuhaf bir Pandora. Unutulması gereken anları saklar."
"Product./Game/Pandora/Data/DA_Pandora_Chain.DA_Pandora_Chain.Name","사슬","Chain","鎖","锁链","Cadena","Цепь","Corrente","Kette","Chaîne","Łańcuch","鎖鏈","Zincir"
"Product./Game/Pandora/Data/DA_Pandora_Chain.DA_Pandora_Chain.Description","한때 헤토스를 땅속에 묶어 두었던 봉인의 기억이 새겨진 판도라입니다.","A Pandora marked by the memory of the seal that once bound Hethos beneath the earth.","かつてヘトスを地の底に縛った封印の記憶が刻まれたパンドラです。","铭刻着封印记忆的潘多拉，那道封印曾将赫托斯束缚于大地之下。","Una Pandora marcada por el recuerdo del sello que una vez encadenó a Hethos bajo la tierra.","Пандора с памятью о печати, некогда сковавшей Хетоса под землёй.","Uma Pandora marcada pela memória do selo que um dia prendeu Hethos sob a terra.","Eine Pandora mit der Erinnerung an das Siegel, das Hethos einst unter der Erde fesselte.","Une Pandora marquée par le souvenir du sceau qui retenait jadis Hethos sous terre.","Pandora naznaczona pamięcią pieczęci, która niegdyś więziła Hethosa pod ziemią.","銘刻著封印記憶的潘朵拉，那道封印曾將赫托斯束縛於大地之下。","Bir zamanlar Hethos’u yerin altında bağlayan mührün hatırasını taşıyan bir Pandora."
"Product./Game/Pandora/Data/DA_Pandora_Creation.DA_Pandora_Creation.Name","창조","Creation","創造","创造","Creación","Созидание","Criação","Schöpfung","Création","Stworzenie","創造","Yaratılış"
"Product./Game/Pandora/Data/DA_Pandora_Creation.DA_Pandora_Creation.Description","카타의 첫 기적에서 떨어져 나온 조각. 미완성 세계와 갓 깨어난 생명의 온기를 품고 있습니다.","A fragment of Kata’s first miracle, carrying the warmth of unfinished worlds and newly awakened life.","カタの最初の奇跡の欠片。未完成の世界と、目覚めたばかりの生命の温もりを宿しています。","卡塔最初奇迹的一块碎片，承载着未完成世界与初醒生命的温暖。","Un fragmento del primer milagro de Kata, con la calidez de mundos inacabados y vidas recién despertadas.","Осколок первого чуда Каты, хранящий тепло незавершённых миров и только что пробудившейся жизни.","Um fragmento do primeiro milagre de Kata, com o calor de mundos inacabados e vidas recém-despertas.","Ein Splitter von Katas erstem Wunder, erfüllt von der Wärme unvollendeter Welten und neu erwachten Lebens.","Un fragment du premier miracle de Kata, portant la chaleur des mondes inachevés et de la vie naissante.","Fragment pierwszego cudu Katy, niosący ciepło niedokończonych światów i świeżo przebudzonego życia.","卡塔最初奇蹟的一塊碎片，承載著未完成世界與初醒生命的溫暖。","Kata’nın ilk mucizesinden bir parça. Tamamlanmamış dünyaların ve yeni uyanmış yaşamın sıcaklığını taşır."
"Product./Game/Pandora/Data/DA_Pandora_Darkness.DA_Pandora_Darkness.Name","어둠","Darkness","闇","黑暗","Oscuridad","Тьма","Escuridão","Dunkelheit","Ténèbres","Ciemność","黑暗","Karanlık"
"Product./Game/Pandora/Data/DA_Pandora_Darkness.DA_Pandora_Darkness.Description","빛조차 머무르기를 두려워한 폐허의 도시들을 떠돌던 고요한 판도라입니다.","A quiet Pandora that drifted through ruined cities where even light feared to remain.","光さえ留まることを恐れた廃墟の街々を漂っていた、静かなパンドラです。","寂静的潘多拉，曾飘荡于连光芒都不敢停留的废墟城市。","Una Pandora silenciosa que vagó por ciudades en ruinas donde incluso la luz temía quedarse.","Тихая Пандора, скитавшаяся по руинам городов, где даже свет боялся задержаться.","Uma Pandora silenciosa que vagou por cidades em ruínas onde até a luz temia permanecer.","Eine stille Pandora, die durch zerstörte Städte trieb, in denen selbst das Licht nicht bleiben wollte.","Une Pandora silencieuse qui errait dans des cités en ruine où même la lumière craignait de rester.","Cicha Pandora wędrująca po ruinach miast, w których nawet światło bało się pozostać.","寂靜的潘朵拉，曾飄蕩於連光芒都不敢停留的廢墟城市。","Işığın bile kalmaktan korktuğu harap şehirlerde dolaşmış sessiz bir Pandora."
"Product./Game/Pandora/Data/DA_Pandora_Death.DA_Pandora_Death.Name","죽음","Death","死","死亡","Muerte","Смерть","Morte","Tod","Mort","Śmierć","死亡","Ölüm"
"Product./Game/Pandora/Data/DA_Pandora_Death.DA_Pandora_Death.Description","죽음이 지나간 자리에 남은 침묵의 판도라. 두려워하는 이에게는 차갑지만, 받아들인 이에게는 기묘한 평온을 줍니다.","A silent Pandora left in the wake of Death, cold to the fearful and strangely peaceful to the resigned.","死の通った跡に残る静かなパンドラ。怯える者には冷たく、受け入れた者には不思議な安らぎを与えます。","死亡过后留下的无声潘多拉，对恐惧者冰冷，对坦然接受者却异常平静。","Una Pandora silenciosa dejada por la Muerte, fría para los temerosos y extrañamente serena para quienes se resignan.","Безмолвная Пандора, оставленная Смертью: холодная для боящихся и странно мирная для смирившихся.","Uma Pandora silenciosa deixada pela Morte, fria para quem teme e estranhamente tranquila para quem aceita.","Eine stille Pandora im Gefolge des Todes, kalt für die Ängstlichen und seltsam friedlich für die Ergebenen.","Une Pandora silencieuse laissée par la Mort, froide pour les craintifs et étrangement paisible pour les résignés.","Milcząca Pandora pozostawiona przez Śmierć, zimna dla przerażonych i dziwnie spokojna dla pogodzonych z losem.","死亡過後留下的無聲潘朵拉，對恐懼者冰冷，對坦然接受者卻異常平靜。","Ölüm’ün ardında kalan sessiz bir Pandora. Korkanlara soğuk, kabullenenlere ise tuhaf biçimde huzurludur."
"Product./Game/Pandora/Data/DA_Pandora_Demon.DA_Pandora_Demon.Name","악마","Demon","悪魔","恶魔","Demonio","Демон","Demônio","Dämon","Démon","Demon","惡魔","İblis"
"Product./Game/Pandora/Data/DA_Pandora_Demon.DA_Pandora_Demon.Description","바알의 몰락한 지배가 남긴 흔적. 단순히 사악한 것이 아니라, 신과 인간 어느 쪽에도 무릎 꿇지 않는 오만함과 반항을 품고 있습니다.","A remnant of Baal’s fallen dominion, not merely wicked, but proud, defiant, and unwilling to kneel before gods or men.","バアルの滅びた支配の残滓。単なる邪悪ではなく、神にも人にも屈しない誇りと反逆を宿しています。","巴尔衰亡统治的残迹，不仅邪恶，更骄傲而桀骜，不愿向神或人屈膝。","Un vestigio del dominio caído de Baal, no solo malvado, sino orgulloso, desafiante e incapaz de arrodillarse ante dioses u hombres.","Остаток павшей власти Баала: не просто зло, а гордость и непокорность, не желающие склониться перед богами или людьми.","Um vestígio do domínio caído de Baal: não apenas maligno, mas orgulhoso e rebelde, recusando-se a se curvar a deuses ou homens.","Ein Rest von Baals gefallenem Reich: nicht nur böse, sondern stolz, trotzig und unwillig, vor Göttern oder Menschen zu knien.","Un vestige du règne déchu de Baal, non seulement maléfique, mais fier, rebelle et refusant de plier devant dieux ou hommes.","Pozostałość upadłego panowania Baala: nie tylko zła, lecz dumna i niepokorna, nieklękająca przed bogami ani ludźmi.","巴爾衰亡統治的殘跡，不僅邪惡，更驕傲而桀驁，不願向神或人屈膝。","Baal’ın yıkılan egemenliğinden bir kalıntı. Yalnızca kötü değil; gururlu, başkaldıran ve tanrılara ya da insanlara diz çökmeyendir."
"Product./Game/Pandora/Data/DA_Pandora_Dimension.DA_Pandora_Dimension.Name","차원","Dimension","次元","次元","Dimensión","Измерение","Dimensão","Dimension","Dimension","Wymiar","次元","Boyut"
"Product./Game/Pandora/Data/DA_Pandora_Dimension.DA_Pandora_Dimension.Description","디바인이 세계 너머로 탈출하며 남긴 부서진 판도라. 다른 현실의 기억으로 아직도 떨리고 있습니다.","A fractured Pandora left behind when Divine escaped beyond the world, still trembling with the memory of another reality.","ディヴァインが世界の外へ逃れた際に残した砕けたパンドラ。別の現実の記憶に今も震えています。","迪瓦因逃往世界之外时留下的破碎潘多拉，仍因另一重现实的记忆而颤动。","Una Pandora fracturada que Divine dejó al escapar del mundo, aún temblando con el recuerdo de otra realidad.","Расколотая Пандора, оставленная Дивайном при бегстве за пределы мира. Она всё ещё дрожит от памяти иной реальности.","Uma Pandora fraturada deixada por Divine ao fugir para além do mundo, ainda tremendo com a memória de outra realidade.","Eine zerbrochene Pandora, die Divine bei seiner Flucht jenseits der Welt hinterließ, noch bebend vor der Erinnerung an eine andere Realität.","Une Pandora brisée laissée lorsque Divine s’échappa au-delà du monde, frémissant encore du souvenir d’une autre réalité.","Pęknięta Pandora pozostawiona przez Divine’a podczas ucieczki poza świat, wciąż drżąca wspomnieniem innej rzeczywistości.","迪瓦因逃往世界之外時留下的破碎潘朵拉，仍因另一重現實的記憶而顫動。","Divine dünyadan kaçarken geride kalan parçalanmış bir Pandora. Başka bir gerçekliğin anısıyla hâlâ titrer."
"Product./Game/Pandora/Data/DA_Pandora_Distortion.DA_Pandora_Distortion.Name","왜곡","Distortion","歪曲","扭曲","Distorsión","Искажение","Distorção","Verzerrung","Distorsion","Zniekształcenie","扭曲","Çarpıtma"
"Product./Game/Pandora/Data/DA_Pandora_Distortion.DA_Pandora_Distortion.Description","부서진 차원과 불안정한 기억이 서로 무너져 겹친 곳에서 태어난 뒤틀린 판도라입니다.","A warped Pandora born where broken dimensions and unstable memories collapsed into one another.","壊れた次元と不安定な記憶が互いに崩れ重なった場所で生まれた、歪んだパンドラです。","诞生于破碎次元与不稳定记忆相互坍缩之处的扭曲潘多拉。","Una Pandora retorcida nacida donde dimensiones rotas y recuerdos inestables colapsaron entre sí.","Искажённая Пандора, рождённая там, где разрушенные измерения и нестабильные воспоминания слились при обрушении.","Uma Pandora distorcida nascida onde dimensões quebradas e memórias instáveis desmoronaram umas sobre as outras.","Eine verzerrte Pandora, entstanden, wo zerbrochene Dimensionen und instabile Erinnerungen ineinanderstürzten.","Une Pandora déformée née là où dimensions brisées et souvenirs instables se sont effondrés les uns sur les autres.","Wypaczona Pandora zrodzona tam, gdzie rozbite wymiary i niestabilne wspomnienia zapadły się w siebie.","誕生於破碎次元與不穩定記憶相互坍縮之處的扭曲潘朵拉。","Parçalanmış boyutlarla kararsız anıların birbirine çöktüğü yerde doğan çarpık bir Pandora."
"Product./Game/Pandora/Data/DA_Pandora_Doll.DA_Pandora_Doll.Name","인형","Doll","人形","人偶","Muñeca","Кукла","Boneca","Puppe","Poupée","Lalka","人偶","Bebek"
"Product./Game/Pandora/Data/DA_Pandora_Doll.DA_Pandora_Doll.Description","누군가 돌아오기를 수백 년간 기다린 잊힌 인형 곁에서 생겨났다고 전해지는 외로운 판도라입니다.","A lonely Pandora said to have formed around a forgotten doll that waited centuries for someone to return.","誰かの帰りを何百年も待ち続けた、忘れられた人形の周りに生まれたという孤独なパンドラです。","孤独的潘多拉，据说诞生于被遗忘的人偶身旁，那人偶等待某个人归来已有数百年。","Una Pandora solitaria que se formó junto a una muñeca olvidada que esperó siglos el regreso de alguien.","Одинокая Пандора, якобы возникшая вокруг забытой куклы, веками ждавшей чьего-то возвращения.","Uma Pandora solitária que teria surgido ao redor de uma boneca esquecida que esperou séculos por alguém.","Eine einsame Pandora, die um eine vergessene Puppe entstanden sein soll, die jahrhundertelang auf die Rückkehr eines Menschen wartete.","Une Pandora solitaire qui serait née près d’une poupée oubliée attendant depuis des siècles le retour de quelqu’un.","Samotna Pandora, która podobno powstała wokół zapomnianej lalki czekającej przez wieki na czyjś powrót.","孤獨的潘朵拉，據說誕生於被遺忘的人偶身旁，那人偶等待某個人歸來已有數百年。","Birinin dönmesini yüzyıllarca bekleyen unutulmuş bir bebeğin çevresinde oluştuğu söylenen yalnız bir Pandora."
"Product./Game/Pandora/Data/DA_Pandora_Doom.DA_Pandora_Doom.Name","파멸","Doom","破滅","毁灭","Perdición","Рок","Ruína","Verderben","Ruine","Zagłada","毀滅","Kıyamet"
"Product./Game/Pandora/Data/DA_Pandora_Doom.DA_Pandora_Doom.Description","칼립스의 재앙에 물든 무거운 판도라. 마지막 기록조차 남기지 못하고 사라진 마을들의 기억을 품고 있습니다.","A heavy Pandora stained by Calyps’ calamity, remembered in villages that vanished before they could write their final records.","カリプスの災厄に染まった重いパンドラ。最後の記録を残す間もなく消えた村々の記憶を宿しています。","被卡利普斯灾厄浸染的沉重潘多拉，铭记着来不及留下最后记录便消失的村庄。","Una Pandora pesada manchada por la calamidad de Calyps, recordada en aldeas que desaparecieron antes de dejar su último testimonio.","Тяжёлая Пандора, запятнанная бедствием Калипса. Её помнят деревни, исчезнувшие прежде, чем успели оставить последние записи.","Uma Pandora pesada manchada pela calamidade de Calyps, lembrada em vilas que desapareceram antes de deixar seus últimos registros.","Eine schwere Pandora, gezeichnet von Calyps’ Unheil, bewahrt in der Erinnerung an Dörfer, die vor ihren letzten Aufzeichnungen verschwanden.","Une lourde Pandora souillée par le cataclysme de Calyps, liée aux villages disparus avant de pouvoir laisser leurs derniers récits.","Ciężka Pandora skażona klęską Calypsa, pamiętana w wioskach, które zniknęły, zanim spisały ostatnie kroniki.","被卡利普斯災厄浸染的沉重潘朵拉，銘記著來不及留下最後紀錄便消失的村莊。","Calyps’in felaketiyle lekelenmiş ağır bir Pandora. Son kayıtlarını yazamadan yok olan köylerin hatırasını taşır."
"Product./Game/Pandora/Data/DA_Pandora_Duplication.DA_Pandora_Duplication.Name","복제","Duplicaion","複製","复制","Duplicación","Дублирование","Duplicação","Duplikation","Duplication","Powielenie","複製","Çoğaltma"
"Product./Game/Pandora/Data/DA_Pandora_Duplication.DA_Pandora_Duplication.Description","자기 자신에게서 벗어나려다 어둠 속에서 또 다른 자신을 마주한 이들이 빚어낸 거울 같은 판도라입니다.","A mirror-like Pandora shaped by those who wished to escape themselves, only to meet another self in the dark.","自分から逃れようとして、闇の中でもう一人の自分に出会った者たちが形作った鏡のようなパンドラです。","如镜般的潘多拉，由那些渴望逃离自我、却在黑暗中遇见另一个自己的人塑造。","Una Pandora como un espejo, forjada por quienes quisieron huir de sí mismos y hallaron otro yo en la oscuridad.","Зеркальная Пандора тех, кто хотел сбежать от себя, но встретил другого себя во тьме.","Uma Pandora espelhada moldada por quem tentou fugir de si e encontrou outro eu na escuridão.","Eine spiegelgleiche Pandora jener, die vor sich selbst fliehen wollten und im Dunkeln einem anderen Ich begegneten.","Une Pandora semblable à un miroir, façonnée par ceux qui fuyaient leur être pour rencontrer un autre soi dans l’obscurité.","Lustrzana Pandora tych, którzy chcieli uciec od siebie, lecz w ciemności spotkali drugie ja.","如鏡般的潘朵拉，由那些渴望逃離自我、卻在黑暗中遇見另一個自己的人塑造。","Kendinden kaçmak isteyip karanlıkta başka bir benlikle karşılaşanların şekillendirdiği, ayna gibi bir Pandora."
"Product./Game/Pandora/Data/DA_Pandora_Fire.DA_Pandora_Fire.Name","화염","Fire","炎","火焰","Fuego","Огонь","Fogo","Feuer","Feu","Ogień","火焰","Ateş"
"Product./Game/Pandora/Data/DA_Pandora_Fire.DA_Pandora_Fire.Description","한때 주작이 지나간 전장의 재 속에서 발견된 불타는 판도라입니다.","A burning Pandora found in the ashes of battlefields once crossed by the Vermilion Bird.","かつて朱雀が通った戦場の灰の中で見つかった、燃え盛るパンドラです。","在朱雀曾掠过的战场灰烬中发现的炽热潘多拉。","Una Pandora ardiente hallada en las cenizas de campos de batalla que antaño cruzó el Ave Bermellón.","Пылающая Пандора из пепла полей сражений, над которыми некогда пролетала Алая птица.","Uma Pandora ardente encontrada nas cinzas de campos de batalha por onde passou o Pássaro Vermelho.","Eine brennende Pandora aus der Asche von Schlachtfeldern, die einst der Zinnoberrote Vogel durchquerte.","Une Pandora ardente trouvée dans les cendres des champs de bataille jadis traversés par l’Oiseau vermillon.","Płonąca Pandora znaleziona w popiołach pól bitew, które niegdyś przemierzał Cynobrowy Ptak.","在朱雀曾掠過的戰場灰燼中發現的熾熱潘朵拉。","Bir zamanlar Kızıl Kuş’un geçtiği savaş alanlarının küllerinde bulunan yanan bir Pandora."
"Product./Game/Pandora/Data/DA_Pandora_Freeze.DA_Pandora_Freeze.Name","빙결","Freeze","凍結","冰冻","Congelación","Мороз","Congelamento","Frost","Gel","Mróz","冰凍","Donma"
"Product./Game/Pandora/Data/DA_Pandora_Freeze.DA_Pandora_Freeze.Description","현무의 숨결과 눈 덮인 폐허의 침묵을 품은 얼어붙은 판도라입니다.","A frozen Pandora that carries the breath of Black Tortoise and the silence of snow-covered ruins.","玄武の息吹と、雪に覆われた廃墟の静寂を宿す凍ったパンドラです。","冰封的潘多拉，蕴含玄武的气息与积雪废墟的寂静。","Una Pandora helada que lleva el aliento de la Tortuga Negra y el silencio de ruinas nevadas.","Ледяная Пандора с дыханием Чёрной черепахи и тишиной заснеженных руин.","Uma Pandora congelada com o sopro da Tartaruga Negra e o silêncio de ruínas cobertas de neve.","Eine gefrorene Pandora mit dem Atem der Schwarzen Schildkröte und der Stille verschneiter Ruinen.","Une Pandora gelée portant le souffle de la Tortue noire et le silence des ruines enneigées.","Zamarznięta Pandora z oddechem Czarnego Żółwia i ciszą ośnieżonych ruin.","冰封的潘朵拉，蘊含玄武的氣息與積雪廢墟的寂靜。","Kara Kaplumbağa’nın nefesini ve karla örtülü harabelerin sessizliğini taşıyan donmuş bir Pandora."
"Product./Game/Pandora/Data/DA_Pandora_Giant.DA_Pandora_Giant.Name","거인","Giant","巨人","巨人","Gigante","Гигант","Gigante","Riese","Géant","Olbrzym","巨人","Dev"
"Product./Game/Pandora/Data/DA_Pandora_Giant.DA_Pandora_Giant.Description","봉인된 헤토스의 심장 박동이 울리는 거대한 판도라. 대지 자체가 아직 그의 발걸음을 기억하는 듯합니다.","A massive Pandora echoing with the sealed heartbeat of Hethos, as if the earth itself still remembers his steps.","封じられたヘトスの鼓動が響く巨大なパンドラ。大地そのものが今も彼の足音を覚えているかのようです。","回荡着赫托斯被封印心跳的巨大潘多拉，仿佛大地仍记得他的脚步。","Una Pandora enorme que resuena con el latido sellado de Hethos, como si la tierra aún recordara sus pasos.","Огромная Пандора с эхом запечатанного сердца Хетоса, словно сама земля помнит его шаги.","Uma Pandora imensa que ecoa o coração selado de Hethos, como se a terra ainda lembrasse seus passos.","Eine gewaltige Pandora, in der Hethos’ versiegeltes Herz schlägt, als erinnere sich die Erde noch an seine Schritte.","Une immense Pandora où résonne le cœur scellé d’Hethos, comme si la terre se souvenait encore de ses pas.","Ogromna Pandora rozbrzmiewająca uwięzionym sercem Hethosa, jakby ziemia wciąż pamiętała jego kroki.","迴盪著赫托斯被封印心跳的巨大潘朵拉，彷彿大地仍記得他的腳步。","Hethos’un mühürlü kalp atışlarıyla yankılanan devasa bir Pandora. Sanki toprağın kendisi onun adımlarını hatırlar."
"Product./Game/Pandora/Data/DA_Pandora_Hand.DA_Pandora_Hand.Name","손","Hand","手","手","Mano","Рука","Mão","Hand","Main","Dłoń","手","El"
"Product./Game/Pandora/Data/DA_Pandora_Hand.DA_Pandora_Hand.Description","로타타 마르틴과 연결된 지배적인 판도라. 어떤 병사도 의문을 품을 수 없었던 성벽 뒤의 명령이 그 형태를 빚었습니다.","A commanding Pandora tied to Rotata Martin, shaped by orders given from behind walls no soldier was allowed to question.","ロタタ・マルティンに結びつく支配のパンドラ。兵士が疑問を持つことすら許されなかった壁の向こうの命令が形作りました。","与罗塔塔·马丁相连的支配性潘多拉，由高墙后不容士兵质疑的命令塑造。","Una Pandora dominante ligada a Rotata Martin, moldeada por órdenes tras muros que ningún soldado podía cuestionar.","Властная Пандора Ротаты Мартина, сформированная приказами из-за стен, которые ни один солдат не смел оспорить.","Uma Pandora de comando ligada a Rotata Martin, moldada por ordens vindas de trás de muros que nenhum soldado podia questionar.","Eine gebieterische Pandora, verbunden mit Rotata Martin, geformt von Befehlen hinter Mauern, die kein Soldat hinterfragen durfte.","Une Pandora autoritaire liée à Rotata Martin, façonnée par des ordres donnés derrière des murs qu’aucun soldat ne pouvait contester.","Władcza Pandora związana z Rotatą Martinem, ukształtowana rozkazami zza murów, których żaden żołnierz nie mógł podważyć.","與羅塔塔·馬丁相連的支配性潘朵拉，由高牆後不容士兵質疑的命令塑造。","Rotata Martin’e bağlı, buyurgan bir Pandora. Hiçbir askerin sorgulayamadığı duvarların ardındaki emirlerle şekillenmiştir."
"Product./Game/Pandora/Data/DA_Pandora_HolyKnight.DA_Pandora_HolyKnight.Name","성기사","Holy Knight","聖騎士","圣骑士","Caballero Sagrado","Святой рыцарь","Cavaleiro Sagrado","Heiliger Ritter","Chevalier sacré","Święty Rycerz","聖騎士","Kutsal Şövalye"
"Product./Game/Pandora/Data/DA_Pandora_HolyKnight.DA_Pandora_HolyKnight.Description","신들이 몰락한 뒤에도 하늘을 섬긴 오래된 기사단의 맹세에서 태어난 고귀한 판도라입니다.","A noble Pandora born from the vows of an old knight order that served heaven even after the gods fell.","神々が倒れた後も天に仕えた、古き騎士団の誓いから生まれた高潔なパンドラです。","高贵的潘多拉，诞生于古老骑士团的誓言；即使诸神陨落，他们仍侍奉天界。","Una Pandora noble nacida de los votos de una antigua orden de caballeros que sirvió al cielo incluso tras la caída de los dioses.","Благородная Пандора из клятв древнего рыцарского ордена, служившего небесам даже после падения богов.","Uma Pandora nobre nascida dos votos de uma antiga ordem de cavaleiros que serviu ao céu mesmo após a queda dos deuses.","Eine edle Pandora aus den Gelübden eines alten Ritterordens, der dem Himmel auch nach dem Fall der Götter diente.","Une noble Pandora née des vœux d’un ancien ordre de chevaliers, resté au service du ciel même après la chute des dieux.","Szlachetna Pandora z przysiąg dawnego zakonu rycerskiego, który służył niebu nawet po upadku bogów.","高貴的潘朵拉，誕生於古老騎士團的誓言；即使諸神隕落，他們仍侍奉天界。","Tanrılar düştükten sonra bile göğe hizmet eden eski bir şövalye tarikatının yeminlerinden doğan asil bir Pandora."
"Product./Game/Pandora/Data/DA_Pandora_Light.DA_Pandora_Light.Name","빛","Light","光","光明","Luz","Свет","Luz","Licht","Lumière","Światło","光明","Işık"
"Product./Game/Pandora/Data/DA_Pandora_Light.DA_Pandora_Light.Description","라트의 빛과 희미해지는 미카엘의 은총을 품은 밝은 판도라. 어둠을 살아남은 이에게 가장 선명하게 빛납니다.","A bright Pandora carrying the trace of Rat’s light and Michael’s fading grace, most vivid to those who survived the dark.","ラトの光と薄れゆくミカエルの恩寵を宿す明るいパンドラ。闇を生き抜いた者に最も鮮やかに輝きます。","光辉的潘多拉，带着拉特之光与米迦勒渐逝的恩典，在熬过黑暗者眼中最为鲜明。","Una Pandora brillante con rastros de la luz de Rat y la gracia menguante de Michael, más viva para quienes sobrevivieron a la oscuridad.","Светлая Пандора со следом света Рата и угасающей благодати Михаэля, ярче всего сияющая для переживших тьму.","Uma Pandora brilhante com vestígios da luz de Rat e da graça enfraquecida de Michael, mais viva para quem sobreviveu à escuridão.","Eine helle Pandora mit Rats Licht und Michaels schwindender Gnade, am deutlichsten für jene, die die Dunkelheit überlebten.","Une Pandora lumineuse portant la lumière de Rat et la grâce déclinante de Michael, plus vive pour les survivants des ténèbres.","Jasna Pandora ze śladem światła Rata i gasnącej łaski Michaela, najżywsza dla tych, którzy przetrwali ciemność.","光輝的潘朵拉，帶著拉特之光與米迦勒漸逝的恩典，在熬過黑暗者眼中最為鮮明。","Rat’ın ışığını ve Michael’ın solan lütfunu taşıyan parlak bir Pandora. Karanlıktan sağ çıkanlara en canlı hâliyle görünür."
"Product./Game/Pandora/Data/DA_Pandora_Lightning.DA_Pandora_Lightning.Name","번개","Lightning","雷","闪电","Relámpago","Молния","Relâmpago","Blitz","Foudre","Błyskawica","閃電","Yıldırım"
"Product./Game/Pandora/Data/DA_Pandora_Lightning.DA_Pandora_Lightning.Description","라니가 남긴 쉼 없는 판도라. 한순간 일찍 찾아온 기억처럼 심장을 꿰뚫습니다.","A restless Pandora left by Rani, striking the heart like a memory that arrives one moment too soon.","ラニが残した落ち着きのないパンドラ。一瞬早く訪れた記憶のように心を打ちます。","拉尼留下的躁动潘多拉，如同早到一瞬的记忆般击中心灵。","Una Pandora inquieta dejada por Rani, que golpea el corazón como un recuerdo que llega un instante antes de tiempo.","Неугомонная Пандора Рани, поражающая сердце, словно воспоминание, пришедшее на миг раньше срока.","Uma Pandora inquieta deixada por Rani, atingindo o coração como uma lembrança que chega um instante cedo demais.","Eine ruhelose Pandora von Rani, die das Herz trifft wie eine Erinnerung, die einen Augenblick zu früh kommt.","Une Pandora agitée laissée par Rani, frappant le cœur comme un souvenir arrivé un instant trop tôt.","Niespokojna Pandora pozostawiona przez Rani, uderzająca w serce jak wspomnienie przychodzące o chwilę za wcześnie.","拉尼留下的躁動潘朵拉，如同早到一瞬的記憶般擊中心靈。","Rani’nin bıraktığı huzursuz bir Pandora. Bir an erken gelen hatıra gibi kalbe çarpar."
"Product./Game/Pandora/Data/DA_Pandora_Machine.DA_Pandora_Machine.Name","기계","Machine","機械","机械","Máquina","Машина","Máquina","Maschine","Machine","Maszyna","機械","Makine"
"Product./Game/Pandora/Data/DA_Pandora_Machine.DA_Pandora_Machine.Description","에라드의 금지된 연구로 만들어진 기계 판도라. 차가운 형체 속에 기이하게도 살아 있는 듯한 맥박이 느껴집니다.","A mechanical Pandora created from Erad’s forbidden research, cold in shape yet strangely close to a living pulse.","エラドの禁断の研究が生んだ機械のパンドラ。冷たい姿でありながら、不思議と生きた鼓動に近いものを感じさせます。","埃拉德禁忌研究创造的机械潘多拉，外形冰冷，却奇异地近似活物的脉动。","Una Pandora mecánica creada por las investigaciones prohibidas de Erad, de forma fría pero extrañamente cercana a un pulso vivo.","Механическая Пандора из запретных исследований Эрада: холодная по форме, но странно близкая к живому пульсу.","Uma Pandora mecânica criada pela pesquisa proibida de Erad, fria na forma, mas estranhamente próxima de um pulso vivo.","Eine mechanische Pandora aus Erads verbotener Forschung, kalt in ihrer Form und doch seltsam nah an einem lebendigen Puls.","Une Pandora mécanique issue des recherches interdites d’Erad, froide d’apparence mais étrangement proche d’un pouls vivant.","Mechaniczna Pandora z zakazanych badań Erada, zimna w formie, lecz dziwnie bliska żywemu pulsowi.","艾拉德禁忌研究創造的機械潘朵拉，外形冰冷，卻奇異地近似活物的脈動。","Erad’ın yasak araştırmalarından yaratılmış mekanik bir Pandora. Soğuk biçimine rağmen canlı bir nabza tuhafça yakındır."
"Product./Game/Pandora/Data/DA_Pandora_Nature.DA_Pandora_Nature.Name","자연","Nature","自然","自然","Naturaleza","Природа","Natureza","Natur","Nature","Natura","自然","Doğa"
"Product./Game/Pandora/Data/DA_Pandora_Nature.DA_Pandora_Nature.Description","모니아의 대지와 카타의 첫 숲에서 태어난 온화한 판도라. 비 온 뒤 흙내음을 간직하고 있습니다.","A gentle Pandora born from Monia’s earth and Kata’s first forests, carrying the scent of soil after rain.","モニアの大地とカタの最初の森から生まれた穏やかなパンドラ。雨上がりの土の香りを宿しています。","温柔的潘多拉，诞生于莫尼亚的大地与卡塔最初的森林，带着雨后泥土的气息。","Una Pandora apacible nacida de la tierra de Monia y los primeros bosques de Kata, con aroma a suelo tras la lluvia.","Мягкая Пандора из земли Монии и первых лесов Каты, пахнущая почвой после дождя.","Uma Pandora gentil nascida da terra de Monia e das primeiras florestas de Kata, com cheiro de solo após a chuva.","Eine sanfte Pandora aus Monias Erde und Katas ersten Wäldern, erfüllt vom Duft des Bodens nach dem Regen.","Une douce Pandora née de la terre de Monia et des premières forêts de Kata, portant l’odeur du sol après la pluie.","Łagodna Pandora z ziemi Monii i pierwszych lasów Katy, pachnąca glebą po deszczu.","溫柔的潘朵拉，誕生於莫尼亞的大地與卡塔最初的森林，帶著雨後泥土的氣息。","Monia’nın toprağından ve Kata’nın ilk ormanlarından doğan nazik bir Pandora. Yağmur sonrası toprak kokusunu taşır."
"Product./Game/Pandora/Data/DA_Pandora_NineTailedFox.DA_Pandora_NineTailedFox.Name","구미호","Nine-Tailed Fox","九尾の狐","九尾狐","Zorro de Nueve Colas","Девятихвостый лис","Raposa de Nove Caudas","Neunschwänziger Fuchs","Renard à neuf queues","Dziewięcioogoniasty Lis","九尾狐","Dokuz Kuyruklu Tilki"
"Product./Game/Pandora/Data/DA_Pandora_NineTailedFox.DA_Pandora_NineTailedFox.Description","동방 신전의 폐허에서 온 교활한 판도라. 오래된 소문과 거짓 미소, 아름다운 거짓말에 싸여 있습니다.","A cunning Pandora from the eastern shrine ruins, wrapped in old rumors, false smiles, and beautiful lies.","東方の神殿跡から来た狡猾なパンドラ。古い噂、偽りの笑み、美しい嘘に包まれています。","来自东方神殿废墟的狡黠潘多拉，缠绕着古老传闻、虚假微笑与美丽谎言。","Una Pandora astuta de las ruinas de un santuario oriental, envuelta en viejos rumores, sonrisas falsas y bellas mentiras.","Хитрая Пандора из руин восточного святилища, окутанная старыми слухами, ложными улыбками и красивой ложью.","Uma Pandora astuta das ruínas de um santuário oriental, envolta em velhos rumores, sorrisos falsos e belas mentiras.","Eine listige Pandora aus östlichen Schreinruinen, umhüllt von alten Gerüchten, falschem Lächeln und schönen Lügen.","Une Pandora rusée des ruines d’un sanctuaire oriental, enveloppée de vieilles rumeurs, de faux sourires et de beaux mensonges.","Przebiegła Pandora z ruin wschodniej świątyni, otulona plotkami, fałszywymi uśmiechami i pięknymi kłamstwami.","來自東方神殿廢墟的狡黠潘朵拉，纏繞著古老傳聞、虛假微笑與美麗謊言。","Doğudaki tapınak harabelerinden gelen kurnaz bir Pandora. Eski söylentilere, sahte gülümsemelere ve güzel yalanlara bürünmüştür."
"Product./Game/Pandora/Data/DA_Pandora_Sand.DA_Pandora_Sand.Name","모래","Sand","砂","沙","Arena","Песок","Areia","Sand","Sable","Piasek","沙","Kum"
"Product./Game/Pandora/Data/DA_Pandora_Sand.DA_Pandora_Sand.Description","라가 사막의 끝에 남긴 황금빛 판도라. 끊임없이 흘러내리면서도 길 잃은 이를 앞으로 이끌어 줍니다.","A golden Pandora left by Ra at the edge of the desert, always slipping away yet somehow leading the lost forward.","ラーが砂漠の果てに残した黄金のパンドラ。常にすり抜けながらも、迷える者を先へ導きます。","拉在沙漠边缘留下的金色潘多拉，总在流逝，却又引领迷途者前进。","Una Pandora dorada que Ra dejó al borde del desierto, siempre escurridiza, pero capaz de guiar a los perdidos.","Золотая Пандора, оставленная Ра на краю пустыни. Она ускользает, но всё же ведёт заблудших вперёд.","Uma Pandora dourada deixada por Ra na borda do deserto, sempre escapando, mas guiando os perdidos adiante.","Eine goldene Pandora, von Ra am Wüstenrand hinterlassen, stets entgleitend und doch den Verirrten den Weg weisend.","Une Pandora dorée laissée par Ra au bord du désert, toujours fuyante mais guidant les égarés vers l’avant.","Złota Pandora pozostawiona przez Ra na skraju pustyni, stale się wymykająca, lecz prowadząca zagubionych naprzód.","拉在沙漠邊緣留下的金色潘朵拉，總在流逝，卻又引領迷途者前進。","Ra’nın çölün kıyısında bıraktığı altın bir Pandora. Hep kayıp gitse de yolunu kaybedenlere yön gösterir."
"Product./Game/Pandora/Data/DA_Pandora_Split.DA_Pandora_Split.Name","분열","Split","分裂","分裂","División","Разделение","Divisão","Spaltung","Scission","Rozszczepienie","分裂","Bölünme"
"Product./Game/Pandora/Data/DA_Pandora_Split.DA_Pandora_Split.Description","디세시오와 연결된 분열된 판도라. 조각난 채 살아남는 법을 배운 정신의 조용한 공포를 품고 있습니다.","A divided Pandora tied to Discesio, carrying the quiet terror of a mind that learned to survive in pieces.","ディセシオに結びつく分かたれたパンドラ。砕けたまま生き延びる術を覚えた心の静かな恐怖を宿しています。","与迪塞西奥相连的分裂潘多拉，承载着学会以碎片存活的心灵那无声的恐惧。","Una Pandora dividida ligada a Discesio, con el terror silencioso de una mente que aprendió a sobrevivir en fragmentos.","Разделённая Пандора Дисцесио, несущая тихий ужас разума, научившегося выживать по частям.","Uma Pandora dividida ligada a Discesio, com o terror silencioso de uma mente que aprendeu a sobreviver em pedaços.","Eine gespaltene Pandora, verbunden mit Discesio, erfüllt vom stillen Schrecken eines Geistes, der in Stücken zu überleben lernte.","Une Pandora divisée liée à Discesio, portant la terreur silencieuse d’un esprit ayant appris à survivre en morceaux.","Rozszczepiona Pandora związana z Discesio, niosąca cichy lęk umysłu, który nauczył się przeżyć w kawałkach.","與迪塞西奧相連的分裂潘朵拉，承載著學會以碎片存活的心靈那無聲的恐懼。","Discesio’ya bağlı bölünmüş bir Pandora. Parçalar hâlinde yaşamayı öğrenen bir zihnin sessiz dehşetini taşır."
"Product./Game/Pandora/Data/DA_Pandora_Steel.DA_Pandora_Steel.Name","강철","Steel","鋼","钢铁","Acero","Сталь","Aço","Stahl","Acier","Stal","鋼鐵","Çelik"
"Product./Game/Pandora/Data/DA_Pandora_Steel.DA_Pandora_Steel.Description","백호 전사들의 의지와 끝없이 부서지는 칼날 소리 속에서 단련된 굳센 판도라입니다.","A hardened Pandora forged from the will of White Tiger warriors and the endless sound of blades breaking.","白虎の戦士たちの意志と、絶え間なく砕ける刃の音から鍛えられた硬きパンドラです。","由白虎战士的意志与刀刃不断碎裂之声锻造的坚硬潘多拉。","Una Pandora endurecida forjada con la voluntad de los guerreros del Tigre Blanco y el incesante sonido de hojas rotas.","Закалённая Пандора, выкованная из воли воинов Белого тигра и бесконечного звона ломающихся клинков.","Uma Pandora endurecida, forjada da vontade dos guerreiros do Tigre Branco e do som incessante de lâminas se partindo.","Eine gehärtete Pandora, geschmiedet aus dem Willen der Krieger des Weißen Tigers und dem endlosen Klang brechender Klingen.","Une Pandora endurcie forgée par la volonté des guerriers du Tigre blanc et le fracas sans fin des lames brisées.","Twarda Pandora wykuta z woli wojowników Białego Tygrysa i nieustannego dźwięku pękających ostrzy.","由白虎戰士的意志與刀刃不斷碎裂之聲鍛造的堅硬潘朵拉。","Beyaz Kaplan savaşçılarının iradesinden ve kırılan kılıçların bitmeyen sesinden dövülmüş sert bir Pandora."
"Product./Game/Pandora/Data/DA_Pandora_Teleport.DA_Pandora_Teleport.Name","순간이동","Teleport","瞬間移動","瞬间移动","Teletransporte","Телепортация","Teletransporte","Teleportation","Téléportation","Teleportacja","瞬間移動","Işınlanma"
"Product./Game/Pandora/Data/DA_Pandora_Teleport.DA_Pandora_Teleport.Description","디바인의 도주 경로에 흩어진, 제자리를 벗어난 판도라. 그곳에서는 그림자가 몸보다 먼저 도착한다고 합니다.","A displaced Pandora scattered along Divine’s path of escape, where shadows are said to arrive before their bodies.","ディヴァインの逃走路に散った、居場所を失ったパンドラ。そこでは影が体より先に着くといいます。","散落于迪瓦因逃亡路线上的移位潘多拉，据说那里影子会先于身体抵达。","Una Pandora desplazada dispersa por la ruta de huida de Divine, donde las sombras llegan antes que los cuerpos.","Смещённая Пандора, рассеянная по пути бегства Дивайна, где тени, говорят, прибывают раньше тел.","Uma Pandora deslocada espalhada pelo caminho de fuga de Divine, onde dizem que as sombras chegam antes dos corpos.","Eine versetzte Pandora entlang Divines Fluchtweg, wo Schatten angeblich vor ihren Körpern eintreffen.","Une Pandora déplacée dispersée sur la route de fuite de Divine, où les ombres arriveraient avant les corps.","Przemieszczona Pandora rozproszona na drodze ucieczki Divine’a, gdzie cienie podobno przybywają przed ciałami.","散落於迪瓦因逃亡路線上的移位潘朵拉，據說那裡影子會先於身體抵達。","Divine’ın kaçış yoluna saçılmış, yerinden kopmuş bir Pandora. Orada gölgelerin bedenlerinden önce vardığı söylenir."
"Product./Game/Pandora/Data/DA_Pandora_TwinHeart.DA_Pandora_TwinHeart.Name","쌍둥이 심장","Twin Heart","双子の心臓","双生之心","Corazón Gemelo","Двойное сердце","Coração Gêmeo","Zwillingsherz","Cœur jumeau","Bliźniacze Serce","雙生之心","İkiz Kalp"
"Product./Game/Pandora/Data/DA_Pandora_TwinHeart.DA_Pandora_TwinHeart.Description","서로 다른 두 소울 더스트가 하나의 생명에 응답하며 태어난 희귀한 판도라. 어느 쪽도 선명히 기억하지 못하는 약속으로 고동칩니다.","A rare Pandora born when two different soul-dusts answered the same life, beating with a promise neither remembers clearly.","異なる二つのソウルダストが一つの命に応えて生まれた希少なパンドラ。どちらも明確に覚えていない約束に鼓動します。","两种不同灵魂尘埃回应同一生命时诞生的稀有潘多拉，为双方都记不清的约定而跳动。","Una Pandora rara nacida cuando dos polvos de alma respondieron a una misma vida, latiendo con una promesa que ninguno recuerda bien.","Редкая Пандора, рождённая откликом двух разных пылинок душ на одну жизнь. Она бьётся обещанием, которого ни одна ясно не помнит.","Uma Pandora rara nascida quando duas poeiras de alma responderam à mesma vida, pulsando com uma promessa que nenhuma lembra claramente.","Eine seltene Pandora, entstanden, als zwei verschiedene Seelenstäube demselben Leben antworteten, pulsierend mit einem kaum erinnerten Versprechen.","Une rare Pandora née lorsque deux poussières d’âme répondirent à une même vie, vibrant d’une promesse qu’aucune ne se rappelle clairement.","Rzadka Pandora zrodzona, gdy dwa różne pyły dusz odpowiedziały jednemu życiu, bijąca obietnicą, której żaden dobrze nie pamięta.","兩種不同靈魂塵埃回應同一生命時誕生的稀有潘朵拉，為雙方都記不清的約定而跳動。","İki farklı ruh tozunun aynı yaşama yanıt vermesiyle doğan nadir bir Pandora. İkisinin de tam hatırlamadığı bir sözle atar."
"Product./Game/Pandora/Data/DA_Pandora_Wave.DA_Pandora_Wave.Name","파도","Wave","波","波涛","Ola","Волна","Onda","Welle","Vague","Fala","波濤","Dalga"
"Product./Game/Pandora/Data/DA_Pandora_Wave.DA_Pandora_Wave.Description","아쿠아의 바다 기억을 품고 흐르는 판도라. 그 기억 속에서는 가라앉은 도시와 먼 항구들이 여전히 밀물 아래에서 노래합니다.","A flowing Pandora carrying Aqua’s ocean memory, where drowned cities and distant harbors still sing beneath the tide.","アクアの海の記憶を宿す流れるパンドラ。沈んだ都市や遠い港が今も潮の下で歌っています。","流动的潘多拉，承载阿夸的海洋记忆，沉没的城市与远方港口仍在潮下歌唱。","Una Pandora fluida con la memoria oceánica de Aqua, donde ciudades sumergidas y puertos lejanos aún cantan bajo la marea.","Текучая Пандора с памятью океана Аквы, где затонувшие города и далёкие гавани всё ещё поют под приливом.","Uma Pandora fluida com a memória oceânica de Aqua, onde cidades afundadas e portos distantes ainda cantam sob a maré.","Eine fließende Pandora mit Aquas Meeresgedächtnis, in dem versunkene Städte und ferne Häfen noch unter den Gezeiten singen.","Une Pandora fluide portant la mémoire marine d’Aqua, où cités englouties et ports lointains chantent encore sous la marée.","Płynąca Pandora z pamięcią oceanu Aquy, gdzie zatopione miasta i odległe porty wciąż śpiewają pod przypływem.","流動的潘朵拉，承載阿夸的海洋記憶，沉沒的城市與遠方港口仍在潮下歌唱。","Aqua’nın okyanus anılarını taşıyan akışkan bir Pandora. Batık şehirler ve uzak limanlar gelgitin altında hâlâ şarkı söyler."
"Product./Game/Pandora/Data/DA_Pandora_Wind.DA_Pandora_Wind.Name","바람","Wind","風","风","Viento","Ветер","Vento","Wind","Vent","Wiatr","風","Rüzgâr"
"Product./Game/Pandora/Data/DA_Pandora_Wind.DA_Pandora_Wind.Description","듄과 사티에르의 길 위에 남겨진 방랑하는 판도라. 한곳에 머무르지 않지만 언제나 다음 방향을 알고 있습니다.","A wandering Pandora left on the roads of Dune and Satier, never staying still yet always knowing the next direction.","デューンとサティエルの道に残された放浪のパンドラ。留まることなく、常に次の行き先を知っています。","遗留在杜恩与萨提耶道路上的流浪潘多拉，从不停歇，却总知道下一个方向。","Una Pandora errante dejada en los caminos de Dune y Satier, siempre en movimiento y conocedora del siguiente rumbo.","Странствующая Пандора на дорогах Дюна и Сатьера: не стоит на месте, но всегда знает следующий путь.","Uma Pandora errante deixada nas estradas de Dune e Satier, nunca parada, mas sempre sabendo a próxima direção.","Eine wandernde Pandora auf den Straßen von Dune und Satier, nie still und doch stets des nächsten Weges gewiss.","Une Pandora vagabonde laissée sur les routes de Dune et Satier, toujours en mouvement mais sachant où aller ensuite.","Wędrowna Pandora z dróg Dune’a i Satiera, nigdy nieruchoma, lecz zawsze znająca dalszy kierunek.","遺留在杜恩與薩提耶道路上的流浪潘朵拉，從不停歇，卻總知道下一個方向。","Dune ve Satier’in yollarında bırakılmış gezgin bir Pandora. Hiç durmaz ama sonraki yönünü daima bilir."
"Product./Game/Pandora/Data/DA_Pandora_Zombie.DA_Pandora_Zombie.Name","좀비","Zombie","ゾンビ","僵尸","Zombi","Зомби","Zumbi","Zombie","Zombie","Zombie","殭屍","Zombi"
"Product./Game/Pandora/Data/DA_Pandora_Zombie.DA_Pandora_Zombie.Description","쓰러진 판도라즈가 소울 더스트로 온전히 돌아가지 못하며 생겨난 부자연스러운 판도라. 움직임을 향한 갈망만 남아 있습니다.","An unnatural Pandora formed when a fallen Pandoraz failed to return fully to soul-dust, leaving behind a hunger for motion.","倒れたパンドラズが完全にソウルダストへ還れずに生まれた不自然なパンドラ。動きへの渇望が残っています。","倒下的潘多拉兹未能完全回归灵魂尘埃时形成的异常潘多拉，残留着对行动的饥渴。","Una Pandora antinatural formada cuando un Pandoraz caído no logró volver por completo al polvo de alma, dejando ansias de movimiento.","Противоестественная Пандора, возникшая, когда павший Пандораз не полностью вернулся в пыль душ, оставив жажду движения.","Uma Pandora antinatural formada quando um Pandoraz caído não voltou totalmente à poeira de alma, deixando uma fome de movimento.","Eine unnatürliche Pandora, entstanden, als ein gefallener Pandoraz nicht ganz zu Seelenstaub wurde und einen Hunger nach Bewegung hinterließ.","Une Pandora contre nature formée lorsqu’un Pandoraz déchu ne redevint pas entièrement poussière d’âme, laissant une faim de mouvement.","Nienaturalna Pandora powstała, gdy poległy Pandoraz nie wrócił w pełni do pyłu dusz, pozostawiając głód ruchu.","倒下的潘朵拉茲未能完全回歸靈魂塵埃時形成的異常潘朵拉，殘留著對行動的飢渴。","Düşmüş bir Pandoraz tamamen ruh tozuna dönemediğinde oluşan doğaya aykırı bir Pandora. Ardında hareket açlığı bırakır."
"Product./Game/Skin/Pet/DA_Ghost.DA_Ghost.Name","유령 펫","Ghost Pet","ゴーストペット","幽灵宠物","Mascota fantasma","Призрачный питомец","Mascote fantasma","Geisterbegleiter","Compagnon fantôme","Duchowy pupil","幽靈寵物","Hayalet evcil hayvan"
"Product./Game/Skin/Pet/DA_Ghost.DA_Ghost.Description","낡은 망토를 걸치고 신비한 등불을 든 작은 유령 동료입니다. 기묘하고 조용하지만 묘한 매력이 있습니다.","A small ghostly companion wearing a worn cloak and carrying a mysterious lantern. Strange, quiet, and oddly charming.","古びたマントをまとい、不思議なランタンを持つ小さな幽霊の仲間。奇妙で静かですが、不思議な魅力があります。","披着破旧斗篷、提着神秘灯笼的小幽灵伙伴。古怪、安静，却意外地迷人。","Un pequeño compañero fantasma con capa gastada y una linterna misteriosa. Extraño, callado y curiosamente encantador.","Маленький призрачный спутник в потёртом плаще с загадочным фонарём. Странный, тихий и удивительно обаятельный.","Um pequeno companheiro fantasma com capa gasta e uma lanterna misteriosa. Estranho, quieto e curiosamente encantador.","Ein kleiner Geisterbegleiter mit abgetragenem Umhang und geheimnisvoller Laterne. Seltsam, still und eigenartig charmant.","Un petit compagnon fantôme vêtu d’une cape usée et portant une lanterne mystérieuse. Étrange, discret et curieusement charmant.","Mały duchowy towarzysz w znoszonym płaszczu z tajemniczą latarnią. Dziwny, cichy i osobliwie uroczy.","披著破舊斗篷、提著神祕燈籠的小幽靈夥伴。古怪、安靜，卻意外地迷人。","Yıpranmış bir pelerin giyen ve gizemli bir fener taşıyan küçük hayalet dost. Tuhaf, sessiz ve garip biçimde sevimli."
"Product./Game/Skin/Gesture/DA_TwistDance.DA_TwistDance.Name","트위스트 댄스","Twist Dance","ツイストダンス","扭扭舞","Baile twist","Твист","Dança twist","Twist","Twist","Twist","扭扭舞","Twist dansı"
"Product./Game/Skin/Gesture/DA_TwistDance.DA_TwistDance.Description","어둡고 낡은 느낌의 오래된 뾰족 마법사 모자입니다. 캐릭터에게 신비로운 마법의 분위기를 더합니다.","An old pointed wizard hat with a dark, worn look. It adds a mysterious magical atmosphere to the character.","暗く使い古された見た目の、とんがった古い魔法使いの帽子。神秘的な魔法の雰囲気を添えます。","一顶深色、陈旧的尖顶巫师帽，为角色增添神秘的魔法气息。","Un viejo sombrero de mago puntiagudo, oscuro y gastado. Añade al personaje un aire mágico y misterioso.","Старая остроконечная шляпа волшебника, тёмная и потёртая. Придаёт персонажу загадочный магический облик.","Um velho chapéu pontudo de mago, escuro e gasto. Acrescenta uma atmosfera mágica e misteriosa ao personagem.","Ein alter, spitzer Zauberhut mit dunklem, abgetragenem Aussehen. Er verleiht der Figur eine geheimnisvolle magische Aura.","Un vieux chapeau de sorcier pointu, sombre et usé. Il donne au personnage une aura magique et mystérieuse.","Stary spiczasty kapelusz czarodzieja o ciemnym, znoszonym wyglądzie. Nadaje postaci tajemniczą, magiczną aurę.","一頂深色、陳舊的尖頂巫師帽，為角色增添神祕的魔法氣息。","Koyu ve yıpranmış görünümlü eski, sivri bir büyücü şapkası. Karaktere gizemli bir büyü havası katar."
"Product./Game/Skin/Gesture/DA_SwingDancing.DA_SwingDancing.Name","스윙 댄스","Swing Dancing","スウィングダンス","摇摆舞","Baile swing","Свинг","Dança swing","Swingtanz","Swing","Swing","搖擺舞","Swing dansı"
"Product./Game/Skin/Gesture/DA_SwingDancing.DA_SwingDancing.Description","크고 활기찬 동작이 특징인 신나는 댄스 감정 표현입니다. 즐거움과 장난기 넘치는 에너지를 보여 주기에 좋습니다.","A cheerful dance emote with wide, lively movements. Great for showing excitement and playful energy.","大きく生き生きと動く陽気なダンスエモート。喜びや遊び心いっぱいの元気を表すのにぴったりです。","动作舒展而活泼的欢快舞蹈表情，适合表现兴奋与俏皮活力。","Un gesto de baile alegre con movimientos amplios y vivos. Ideal para mostrar entusiasmo y energía juguetona.","Весёлый танцевальный жест с широкими и живыми движениями. Отлично передаёт радость и игривую энергию.","Um gesto de dança alegre com movimentos amplos e vivos. Ótimo para mostrar empolgação e energia brincalhona.","Ein fröhliches Tanz-Emote mit weiten, lebhaften Bewegungen. Ideal für Begeisterung und verspielte Energie.","Une emote de danse joyeuse aux mouvements amples et vifs, parfaite pour exprimer enthousiasme et bonne humeur.","Radosna emotka taneczna z szerokimi, żywymi ruchami. Świetnie wyraża ekscytację i figlarną energię.","動作舒展而活潑的歡快舞蹈表情，適合表現興奮與俏皮活力。","Geniş ve canlı hareketlerle neşeli bir dans ifadesi. Heyecanı ve oyuncu enerjiyi göstermek için idealdir."
"Product./Game/Skin/Gesture/DA_Praying.DA_Praying.Name","기도","Praying","祈り","祈祷","Oración","Молитва","Oração","Gebet","Prière","Modlitwa","祈禱","Dua"
"Product./Game/Skin/Gesture/DA_Praying.DA_Praying.Description","캐릭터가 두 손을 모아 기도하는 차분한 감정 표현입니다. 희망이나 감사, 간절한 부탁을 나타낼 수 있습니다.","A calm emote where the character clasps their hands in prayer. It can express hope, gratitude, or a dramatic plea.","キャラクターが手を合わせて祈る穏やかなエモート。希望、感謝、切実な願いを表せます。","角色双手合十祈祷的平静表情，可表达希望、感谢或恳切的请求。","Un gesto tranquilo en el que el personaje junta las manos para rezar. Expresa esperanza, gratitud o una súplica dramática.","Спокойный жест молитвы со сложенными руками. Выражает надежду, благодарность или отчаянную просьбу.","Um gesto calmo em que o personagem une as mãos para orar. Pode expressar esperança, gratidão ou um pedido dramático.","Ein ruhiges Emote, bei dem die Figur die Hände zum Gebet faltet. Es drückt Hoffnung, Dankbarkeit oder eine eindringliche Bitte aus.","Une emote paisible où le personnage joint les mains pour prier. Elle exprime espoir, gratitude ou supplication théâtrale.","Spokojna emotka, w której postać składa ręce do modlitwy. Wyraża nadzieję, wdzięczność lub dramatyczną prośbę.","角色雙手合十祈禱的平靜表情，可表達希望、感謝或懇切的請求。","Karakterin ellerini birleştirip dua ettiği sakin bir ifade. Umut, minnettarlık veya dramatik bir yakarış anlatabilir."
"Product./Game/Skin/Gesture/DA_LowCrawl.DA_LowCrawl.Name","낮은 포복","LowCrawl","ほふく前進","低姿匍匐","Reptar","Ползком","Rastejar","Robben","Ramper","Czołganie","低姿匍匐","Sürünme"
"Product./Game/Skin/Gesture/DA_LowCrawl.DA_LowCrawl.Description","캐릭터가 지면에 바짝 붙어 움직이는 포복 감정 표현입니다. 익살스럽거나 은밀하고 극적인 역할극에 어울립니다.","A crawling emote where the character moves close to the ground. Useful for funny, sneaky, or dramatic roleplay moments.","キャラクターが地面すれすれを進むエモート。おかしな場面、隠密行動、劇的なロールプレイに合います。","角色贴近地面爬行的表情，适合搞笑、潜行或戏剧性的角色扮演。","Un gesto de reptar pegado al suelo. Útil para momentos de interpretación divertidos, sigilosos o dramáticos.","Жест ползания у самой земли. Подходит для смешных, скрытных или драматичных ролевых сцен.","Um gesto de rastejar bem perto do chão. Ideal para momentos engraçados, furtivos ou dramáticos de interpretação.","Ein Kriech-Emote, bei dem sich die Figur dicht am Boden bewegt. Passend für lustige, heimliche oder dramatische Rollenspielszenen.","Une emote où le personnage rampe au ras du sol. Idéale pour des scènes drôles, furtives ou dramatiques.","Emotka czołgania tuż przy ziemi. Przydatna w zabawnych, skrytych lub dramatycznych scenach odgrywania ról.","角色貼近地面爬行的表情，適合搞笑、潛行或戲劇性的角色扮演。","Karakterin yere yakın hareket ettiği bir sürünme ifadesi. Komik, gizli veya dramatik rol yapma anlarına uygundur."
"Product./Game/Skin/Gesture/DA_HandRaising.DA_HandRaising.Name","손들기","Hand Raising","挙手","举手","Levantar la mano","Поднять руку","Levantar a mão","Handheben","Lever la main","Podniesienie ręki","舉手","El kaldırma"
"Product./Game/Skin/Gesture/DA_HandRaising.DA_HandRaising.Description","캐릭터가 한 손을 높이 드는 몸짓입니다. 축하하거나 다른 이에게 신호를 보내고 시선을 끌 때 사용할 수 있습니다.","A gesture where the character raises one hand high. It can be used to celebrate, signal others, or draw attention.","キャラクターが片手を高く上げるジェスチャー。お祝い、仲間への合図、注目を集める場面に使えます。","角色高举一只手的动作，可用于庆祝、向他人示意或吸引注意。","Un gesto en el que el personaje levanta una mano. Sirve para celebrar, hacer señales o llamar la atención.","Жест, при котором персонаж высоко поднимает руку. Подходит для празднования, подачи сигнала или привлечения внимания.","Um gesto em que o personagem ergue uma mão. Pode comemorar, sinalizar aos outros ou chamar atenção.","Eine Geste, bei der die Figur eine Hand hochhebt. Zum Feiern, für Signale oder um Aufmerksamkeit zu erregen.","Un geste où le personnage lève une main bien haut, pour célébrer, faire signe ou attirer l’attention.","Gest, w którym postać unosi wysoko rękę. Służy do świętowania, sygnalizowania lub przyciągania uwagi.","角色高舉一隻手的動作，可用於慶祝、向他人示意或吸引注意。","Karakterin bir elini yükseğe kaldırdığı hareket. Kutlamak, başkalarına işaret vermek veya dikkat çekmek için kullanılabilir."
"Product./Game/Skin/Gesture/DA_GuitarPlaying.DA_GuitarPlaying.Name","기타 연주","Guitar Playing","ギター演奏","弹吉他","Tocar la guitarra","Игра на гитаре","Tocar guitarra","Gitarre spielen","Jouer de la guitare","Gra na gitarze","彈吉他","Gitar çalma"
"Product./Game/Skin/Gesture/DA_GuitarPlaying.DA_GuitarPlaying.Description","캐릭터가 기타를 연주하는 음악 감정 표현입니다. 전투 사이에 편안하고 유쾌한 분위기를 더하기 좋습니다.","A musical emote where the character plays a guitar. Perfect for adding a relaxed, playful mood between battles.","キャラクターがギターを弾く音楽エモート。戦いの合間に、のんびり楽しい雰囲気を添えられます。","角色弹奏吉他的音乐表情，适合在战斗间隙增添轻松愉快的气氛。","Un gesto musical en el que el personaje toca la guitarra. Perfecto para relajarse y divertirse entre batallas.","Музыкальный жест игры на гитаре. Создаёт непринуждённое и весёлое настроение между боями.","Um gesto musical em que o personagem toca guitarra. Perfeito para um clima descontraído e divertido entre batalhas.","Ein musikalisches Emote, bei dem die Figur Gitarre spielt. Perfekt für entspannte, verspielte Stimmung zwischen Kämpfen.","Une emote musicale où le personnage joue de la guitare, idéale pour une ambiance détendue et joyeuse entre les combats.","Muzyczna emotka, w której postać gra na gitarze. Tworzy swobodny, radosny nastrój między bitwami.","角色彈奏吉他的音樂表情，適合在戰鬥間隙增添輕鬆愉快的氣氛。","Karakterin gitar çaldığı müzikli bir ifade. Savaşlar arasında rahat ve eğlenceli bir hava katmak için idealdir."
"Product./Game/Skin/Gesture/DA_Greeting.DA_Greeting.Name","인사","Greeting","挨拶","问候","Saludo","Приветствие","Saudação","Gruß","Salutation","Powitanie","問候","Selamlama"
"Product./Game/Skin/Gesture/DA_Greeting.DA_Greeting.Description","다른 이를 반기거나 친근함을 표현하는 간단한 인사 동작입니다. 평화로운 만남과 유쾌한 순간에 어울립니다.","A simple greeting gesture used to welcome others or show friendly intent. Suitable for peaceful encounters and lighthearted moments.","相手を歓迎したり、親しみを示したりする簡単な挨拶。穏やかな出会いや楽しいひとときに合います。","用于欢迎他人或表达友善的简单问候动作，适合和平相遇与轻松时刻。","Un saludo sencillo para dar la bienvenida o mostrar amistad. Ideal para encuentros pacíficos y momentos distendidos.","Простой приветственный жест для встречи других и выражения дружелюбия. Подходит для мирных встреч и лёгких моментов.","Uma saudação simples para receber os outros ou mostrar amizade. Ideal para encontros pacíficos e momentos descontraídos.","Eine einfache Grußgeste, um andere willkommen zu heißen oder Freundlichkeit zu zeigen. Passend für friedliche und heitere Begegnungen.","Une salutation simple pour accueillir les autres ou montrer son amitié, idéale pour les rencontres paisibles et les moments légers.","Prosty gest powitania lub okazania przyjaźni. Pasuje do spokojnych spotkań i beztroskich chwil.","用於歡迎他人或表達友善的簡單問候動作，適合和平相遇與輕鬆時刻。","Başkalarını karşılamak veya dostluk göstermek için basit bir selamlama. Huzurlu karşılaşmalara ve neşeli anlara uygundur."
"Product./Game/Skin/Cosmetics/Shirt/DA_Shirt.DA_Shirt.Name","주황색 셔츠","Orange Shirt","オレンジのシャツ","橙色衬衫","Camisa naranja","Оранжевая рубашка","Camisa laranja","Oranges Hemd","Chemise orange","Pomarańczowa koszula","橙色襯衫","Turuncu gömlek"
"Product./Game/Skin/Cosmetics/Shirt/DA_Shirt.DA_Shirt.Description","밝고 생기 있는 느낌의 심플한 주황색 셔츠입니다. 활기찬 인상을 주는 캐주얼 의상입니다.","A simple orange shirt with a bright and lively appearance. A casual outfit piece with an energetic feel.","明るく元気な印象のシンプルなオレンジ色のシャツ。活発な雰囲気のカジュアルな服です。","明亮活泼的简约橙色衬衫，是充满活力的休闲服饰。","Una camisa naranja sencilla de aspecto vivo y alegre. Una prenda informal llena de energía.","Простая яркая оранжевая рубашка. Повседневная одежда с энергичным настроением.","Uma camisa laranja simples, de aparência viva e alegre. Uma peça casual com energia.","Ein schlichtes oranges Hemd mit heller, lebhafter Ausstrahlung. Lässige Kleidung voller Energie.","Une chemise orange simple, vive et lumineuse. Une tenue décontractée pleine d’énergie.","Prosta pomarańczowa koszula o jasnym, żywym wyglądzie. Swobodny strój pełen energii.","明亮活潑的簡約橙色襯衫，是充滿活力的休閒服飾。","Parlak ve canlı görünümlü sade bir turuncu gömlek. Enerjik his veren günlük bir kıyafet."
"Product./Game/Skin/Cosmetics/Jean/DA_Jean.DA_Jean.Name","청바지","Jean","ジーンズ","牛仔裤","Vaqueros","Джинсы","Calça jeans","Jeans","Jean","Dżinsy","牛仔褲","Kot pantolon"
"Product./Game/Skin/Cosmetics/Jean/DA_Jean.DA_Jean.Description","심플하고 캐주얼한 밝은 파란색 청바지입니다. 편안해 보이며 다양한 의상과 잘 어울립니다.","A pair of bright blue jeans with a simple casual style. Comfortable-looking and easy to match with many outfits.","シンプルでカジュアルな明るい青のジーンズ。着心地がよさそうで、さまざまな服に合わせやすい一着です。","风格简约休闲的亮蓝色牛仔裤，看起来舒适，也容易搭配多种服装。","Unos vaqueros azules de estilo sencillo e informal. Cómodos a la vista y fáciles de combinar.","Ярко-синие джинсы в простом повседневном стиле. Выглядят удобно и легко сочетаются с разной одеждой.","Uma calça jeans azul-clara de estilo casual e simples. Parece confortável e combina com várias roupas.","Eine leuchtend blaue Jeans im schlichten Freizeitstil. Bequem wirkend und vielseitig kombinierbar.","Un jean bleu vif au style simple et décontracté. D’apparence confortable, il s’accorde facilement à de nombreuses tenues.","Jasnoniebieskie dżinsy w prostym, swobodnym stylu. Wyglądają wygodnie i pasują do wielu strojów.","風格簡約休閒的亮藍色牛仔褲，看起來舒適，也容易搭配多種服裝。","Sade günlük tarzda parlak mavi kot pantolon. Rahat görünür ve birçok kıyafetle kolayca eşleşir."
"Product./Game/Skin/Cosmetics/DA_WizardHat.DA_WizardHat.Name","마법사 모자","Wizard Hat","魔法使いの帽子","巫师帽","Sombrero de mago","Шляпа волшебника","Chapéu de mago","Zauberhut","Chapeau de sorcier","Kapelusz czarodzieja","巫師帽","Büyücü şapkası"
"Product./Game/Skin/Cosmetics/DA_WizardHat.DA_WizardHat.Description","어둡고 낡은 느낌의 오래된 뾰족 마법사 모자입니다. 캐릭터에게 신비로운 마법의 분위기를 더합니다.","An old pointed wizard hat with a dark, worn look. It adds a mysterious magical atmosphere to the character.","暗く使い古された見た目の、とんがった古い魔法使いの帽子。神秘的な魔法の雰囲気を添えます。","一顶深色、陈旧的尖顶巫师帽，为角色增添神秘的魔法气息。","Un viejo sombrero de mago puntiagudo, oscuro y gastado. Añade al personaje un aire mágico y misterioso.","Старая остроконечная шляпа волшебника, тёмная и потёртая. Придаёт персонажу загадочный магический облик.","Um velho chapéu pontudo de mago, escuro e gasto. Acrescenta uma atmosfera mágica e misteriosa ao personagem.","Ein alter, spitzer Zauberhut mit dunklem, abgetragenem Aussehen. Er verleiht der Figur eine geheimnisvolle magische Aura.","Un vieux chapeau de sorcier pointu, sombre et usé. Il donne au personnage une aura magique et mystérieuse.","Stary spiczasty kapelusz czarodzieja o ciemnym, znoszonym wyglądzie. Nadaje postaci tajemniczą, magiczną aurę.","一頂深色、陳舊的尖頂巫師帽，為角色增添神祕的魔法氣息。","Koyu ve yıpranmış görünümlü eski, sivri bir büyücü şapkası. Karaktere gizemli bir büyü havası katar."
"Product./Game/Skin/Cosmetics/DA_SantaHat.DA_SantaHat.Name","산타 모자","Santa Hat","サンタ帽","圣诞帽","Gorro de Papá Noel","Шапка Санты","Gorro de Papai Noel","Weihnachtsmütze","Bonnet de Noël","Czapka Mikołaja","聖誕帽","Noel şapkası"
"Product./Game/Skin/Cosmetics/DA_SantaHat.DA_SantaHat.Description","흰 털 장식과 부드러운 방울이 달린 축제 분위기의 빨간 모자입니다. 캐릭터의 모습에 따뜻한 연말 분위기를 더합니다.","A festive red hat with white fur trim and a soft pom-pom. It brings a warm holiday feeling to the character’s look.","白い毛皮の縁と柔らかなポンポンが付いた赤い帽子。温かなクリスマスの雰囲気を添えます。","带白色绒边和柔软绒球的节日红帽，为角色装扮增添温暖的节庆气氛。","Un gorro rojo festivo con ribete de pelo blanco y un suave pompón. Da al personaje un cálido aire navideño.","Праздничная красная шапка с белой меховой отделкой и мягким помпоном. Добавляет образу тёплое новогоднее настроение.","Um gorro vermelho festivo com borda de pelo branco e pompom macio. Traz um clima natalino acolhedor ao visual.","Eine festliche rote Mütze mit weißem Fellrand und weichem Bommel. Sie sorgt für eine warme Weihnachtsstimmung.","Un bonnet rouge festif bordé de fourrure blanche et orné d’un pompon doux. Il apporte une chaleureuse ambiance de fête.","Świąteczna czerwona czapka z białym futerkiem i miękkim pomponem. Nadaje wyglądowi ciepły, świąteczny nastrój.","帶白色絨邊和柔軟絨球的節日紅帽，為角色裝扮增添溫暖的節慶氣氛。","Beyaz kürk kenarlı, yumuşak ponponlu şenlikli kırmızı bir şapka. Karakterin görünümüne sıcak bir bayram havası katar."
"Product./Game/Skin/Cosmetics/DA_MushroomHat.DA_MushroomHat.Name","버섯 모자","Mushroom Hat","キノコの帽子","蘑菇帽","Sombrero de seta","Грибная шляпа","Chapéu de cogumelo","Pilzhut","Chapeau champignon","Kapelusz grzybowy","蘑菇帽","Mantar şapkası"
"Product./Game/Skin/Cosmetics/DA_MushroomHat.DA_MushroomHat.Description","빨간 갓에 흰 점이 있는 환상적인 버섯 모양 모자입니다. 귀엽고 독특하며 동화 같은 매력이 가득합니다.","A fantasy mushroom-shaped hat with a red cap and white spots. Cute, unusual, and full of fairy-tale charm.","赤いかさに白い斑点のある、ファンタジー風のキノコ帽子。かわいく個性的で、おとぎ話の魅力がいっぱいです。","红色菌盖配白色斑点的奇幻蘑菇帽，可爱独特，充满童话魅力。","Un sombrero de seta fantástico, rojo con motas blancas. Bonito, peculiar y lleno de encanto de cuento.","Сказочная шляпа-гриб с красной шляпкой и белыми пятнами. Милая, необычная и полная волшебного очарования.","Um chapéu de cogumelo fantástico, vermelho com pintas brancas. Fofo, incomum e cheio de encanto de conto de fadas.","Ein fantasievoller Pilzhut mit roter Kappe und weißen Punkten. Niedlich, ungewöhnlich und voller Märchencharme.","Un chapeau champignon fantastique à calotte rouge et pois blancs. Mignon, original et plein de charme féerique.","Fantastyczny kapelusz w kształcie grzyba, czerwony w białe kropki. Uroczy, niezwykły i pełen baśniowego wdzięku.","紅色菌蓋配白色斑點的奇幻蘑菇帽，可愛獨特，充滿童話魅力。","Kırmızı tepeli ve beyaz benekli fantastik bir mantar şapkası. Sevimli, sıra dışı ve masalsı bir çekiciliğe sahip."
"Product./Game/Skin/Cosmetics/DA_CowboyHat.DA_CowboyHat.Name","카우보이 모자","Cowboy Hat","カウボーイハット","牛仔帽","Sombrero de vaquero","Ковбойская шляпа","Chapéu de caubói","Cowboyhut","Chapeau de cowboy","Kapelusz kowbojski","牛仔帽","Kovboy şapkası"
"Product./Game/Skin/Cosmetics/DA_CowboyHat.DA_CowboyHat.Description","거친 실루엣의 챙 넓은 검은 카우보이 모자입니다. 떠도는 무법자나 고독한 여행자 같은 인상을 줍니다.","A wide-brimmed black cowboy hat with a rugged silhouette. It gives the wearer the look of a wandering outlaw or a lone traveler.","荒々しいシルエットの、つばが広い黒いカウボーイハット。放浪の無法者や孤独な旅人のような印象を与えます。","轮廓粗犷的宽檐黑色牛仔帽，让佩戴者看起来像流浪的亡命徒或孤独旅人。","Un sombrero de vaquero negro de ala ancha y silueta recia. Da aspecto de forajido errante o viajero solitario.","Чёрная ковбойская шляпа с широкими полями и суровым силуэтом. Создаёт образ бродячего преступника или одинокого путника.","Um chapéu preto de caubói, de aba larga e silhueta rústica. Dá um ar de fora da lei errante ou viajante solitário.","Ein schwarzer Cowboyhut mit breiter Krempe und markanter Silhouette. Er wirkt wie der Hut eines Gesetzlosen oder einsamen Reisenden.","Un chapeau de cowboy noir à large bord et silhouette robuste. Il évoque un hors-la-loi errant ou un voyageur solitaire.","Czarny kapelusz kowbojski z szerokim rondem i surowym kształtem. Nadaje wygląd wędrownego banity lub samotnego podróżnika.","輪廓粗獷的寬簷黑色牛仔帽，讓佩戴者看起來像流浪的亡命徒或孤獨旅人。","Sert hatlı, geniş kenarlı siyah bir kovboy şapkası. Gezgin bir kanun kaçağı veya yalnız yolcu görünümü verir."
"Product./Game/Item/Consumable/DA_HealPotion.DA_HealPotion.Name","체력 물약","Heal Potion","体力ポーション","生命药水","Poción de salud","Зелье здоровья","Poção de Vida","Heiltrank","Potion de santé","Mikstura zdrowia","生命藥水","Sağlık İksiri"
"Product./Game/Item/Consumable/DA_HealPotion.DA_HealPotion.Description","체력을 회복해 전투 중이나 전투 후 빠르게 다시 전투에 나설 수 있게 해줍니다.","Restores health, helping you recover during or after combat.","体力を回復し、戦闘中や戦闘後の立て直しを助けます。","恢复生命值，帮助你在战斗中或战斗后迅速恢复状态。","Restaura salud y te ayuda a recuperarte durante o después del combate.","Восстанавливает здоровье и помогает прийти в себя во время или после боя.","Restaura vida e ajuda você a se recuperar durante ou após o combate.","Stellt Gesundheit wieder her und hilft dir, dich im oder nach dem Kampf zu erholen.","Restaure de la santé et vous aide à récupérer pendant ou après le combat.","Przywraca zdrowie i pomaga odzyskać siły podczas walki lub po niej.","恢復生命值，幫助你在戰鬥中或戰鬥後迅速恢復狀態。","Sağlığı yeniler ve savaş sırasında ya da sonrasında toparlanmana yardımcı olur."
"Product./Game/Item/Consumable/DA_ManaPotion.DA_ManaPotion.Name","마나 물약","Mana Potion","マナポーション","法力药水","Poción de maná","Зелье маны","Poção de Mana","Manatrank","Potion de mana","Mikstura many","法力藥水","Mana İksiri"
"Product./Game/Item/Consumable/DA_ManaPotion.DA_ManaPotion.Description","마나를 회복해 판도라 스킬을 계속 사용할 수 있게 해줍니다.","Restores mana, allowing you to keep using Pandora skills.","マナを回復し、パンドラスキルを使い続けられるようにします。","恢复法力，让你能够继续使用潘多拉技能。","Restaura maná para que puedas seguir usando habilidades de Pandora.","Восстанавливает ману, позволяя продолжать использовать навыки Пандоры.","Restaura mana, permitindo continuar usando habilidades de Pandora.","Stellt Mana wieder her, damit du weiterhin Pandora-Fähigkeiten einsetzen kannst.","Restaure du mana afin de continuer à utiliser les compétences de Pandora.","Przywraca manę, pozwalając dalej korzystać z umiejętności Pandory.","恢復法力，讓你能夠繼續使用潘朵拉技能。","Manayı yeniler ve Pandora yeteneklerini kullanmaya devam etmeni sağlar."
"Product./Game/Item/Consumable/DA_StaminaPotion.DA_StaminaPotion.Name","스태미나 물약","Stamina Potion","スタミナポーション","耐力药水","Poción de resistencia","Зелье выносливости","Poção de Vigor","Ausdauertrank","Potion d’endurance","Mikstura wytrzymałości","耐力藥水","Dayanıklılık İksiri"
"Product./Game/Item/Consumable/DA_StaminaPotion.DA_StaminaPotion.Description","스태미나를 회복해 공격, 회피, 스킬 사용을 계속할 수 있게 해줍니다.","Restores stamina, letting you continue attacking, dodging, and casting skills.","スタミナを回復し、攻撃、回避、スキル使用を続けられるようにします。","恢复耐力，让你能够继续攻击、闪避和施放技能。","Restaura resistencia para que puedas seguir atacando, esquivando y usando habilidades.","Восстанавливает выносливость, позволяя продолжать атаковать, уклоняться и применять навыки.","Restaura vigor, permitindo continuar atacando, esquivando e usando habilidades.","Stellt Ausdauer wieder her, damit du weiter angreifen, ausweichen und Fähigkeiten einsetzen kannst.","Restaure de l’endurance afin de continuer à attaquer, esquiver et utiliser des compétences.","Przywraca wytrzymałość, pozwalając dalej atakować, unikać ciosów i używać umiejętności.","恢復耐力，讓你能夠繼續攻擊、閃避和施放技能。","Dayanıklılığı yeniler; saldırmaya, kaçınmaya ve yetenek kullanmaya devam etmeni sağlar."
"Product./Game/Item/Equipment/Accessory/AbysshornSet/DA_AbysshornEarrings.DA_AbysshornEarrings.Name","어비스혼 귀걸이","Abysshorn Earrings","アビスホーン・イヤリング","深渊之角耳环","Pendientes Abysshorn","Серьги Абиссхорн","Brincos Abysshorn","Abysshorn-Ohrringe","Boucles d’oreilles Abysshorn","Kolczyki Abysshorn","深淵之角耳環","Abysshorn Küpeleri"
"Product./Game/Item/Equipment/Accessory/AbysshornSet/DA_AbysshornEarrings.DA_AbysshornEarrings.Description","금지된 의식에서 사용되던 귀걸이로, 깊은 심연의 속삭임이 메아리칩니다.","Once worn in a forbidden ritual, they echoed whispers from the deep abyss.","禁じられた儀式で使われたとされ、深い奈落の囁きを響かせます。","曾用于禁忌仪式，回荡着来自深渊深处的低语。","Usados antaño en un ritual prohibido, aún repiten susurros procedentes del profundo abismo.","Когда-то их носили во время запретного ритуала, и в них до сих пор звучат шёпоты глубокой бездны.","Usados certa vez em um ritual proibido, ainda ecoam sussurros do abismo profundo.","Einst bei einem verbotenen Ritual getragen, hallen in ihnen noch Flüstern aus dem tiefen Abgrund wider.","Autrefois portées lors d’un rituel interdit, elles résonnent encore des murmures du profond abîme.","Niegdyś noszone podczas zakazanego rytuału, wciąż rozbrzmiewają szeptami z głębokiej otchłani.","曾用於禁忌儀式，迴盪著來自深淵深處的低語。","Bir zamanlar yasak bir ritüelde takılan bu küpelerde derin uçurumdan gelen fısıltılar yankılanır."
"Product./Game/Item/Equipment/Accessory/AbysshornSet/DA_AbysshornNecklace.DA_AbysshornNecklace.Name","어비스혼 목걸이","Abysshorn Necklace","アビスホーン・ネックレス","深渊之角项链","Collar Abysshorn","Ожерелье Абиссхорн","Colar Abysshorn","Abysshorn-Halskette","Collier Abysshorn","Naszyjnik Abysshorn","深淵之角項鍊","Abysshorn Kolyesi"
"Product./Game/Item/Equipment/Accessory/AbysshornSet/DA_AbysshornNecklace.DA_AbysshornNecklace.Description","어둠의 계약에서 하사된 목걸이로, 착용자를 지하의 고대 힘과 결속시킵니다.","Bestowed during a dark covenant, it bound the bearer to ancient powers below.","闇の盟約で授けられ、持ち主を地下に眠る古代の力へと結びつけます。","在黑暗盟约中被授予，将佩戴者与地下沉睡的古老力量相连。","Otorgado durante un pacto oscuro, vinculó a su portador con antiguos poderes de las profundidades.","Дарованное во время тёмного договора, оно связало владельца с древними силами подземных глубин.","Concedido durante um pacto sombrio, ligou o portador a poderes antigos das profundezas.","Bei einem dunklen Bund verliehen, verband sie ihren Träger mit uralten Mächten aus der Tiefe.","Accordé lors d’un pacte obscur, il lia son porteur aux antiques puissances des profondeurs.","Nadany podczas mrocznego przymierza, związał właściciela ze starożytnymi mocami z głębin.","在黑暗盟約中被授予，將佩戴者與地下沉睡的古老力量相連。","Karanlık bir antlaşmada verilen bu kolye, taşıyanı derinlerdeki kadim güçlere bağladı."
"Product./Game/Item/Equipment/Accessory/AbysshornSet/DA_AbysshornRing.DA_AbysshornRing.Name","어비스혼 반지","Abysshorn Ring","アビスホーン・リング","深渊之角戒指","Anillo Abysshorn","Кольцо Абиссхорн","Anel Abysshorn","Abysshorn-Ring","Anneau Abysshorn","Pierścień Abysshorn","深淵之角戒指","Abysshorn Yüzüğü"
"Product./Game/Item/Equipment/Accessory/AbysshornSet/DA_AbysshornRing.DA_AbysshornRing.Description","절박한 순간 손가락에 끼워진 반지로, 보이지 않는 존재와의 계약을 봉인했습니다.","Slipped on in a moment of desperation, it sealed a pact with unseen forces.","絶望の瞬間にはめられ、見えざる力との契約を封じた指輪です。","在绝望时刻戴上，封印了与无形力量之间的契约。","Colocado en un momento de desesperación, selló un pacto con fuerzas invisibles.","Надетое в миг отчаяния, оно запечатало договор с незримыми силами.","Colocado em um momento de desespero, selou um pacto com forças invisíveis.","In einem Augenblick der Verzweiflung angelegt, besiegelte er einen Pakt mit unsichtbaren Kräften.","Passé au doigt dans un moment de désespoir, il scella un pacte avec des forces invisibles.","Założony w chwili desperacji, przypieczętował pakt z niewidzialnymi siłami.","在絕望時刻戴上，封印了與無形力量之間的契約。","Çaresizlik anında takılan bu yüzük, görünmez güçlerle yapılan bir anlaşmayı mühürledi."
"Product./Game/Item/Equipment/Accessory/AbysshornSet/DA_AbysshornRune.DA_AbysshornRune.Name","어비스혼 룬","Abysshorn Rune","アビスホーン・ルーン","深渊之角符文","Runa Abysshorn","Руна Абиссхорн","Runa Abysshorn","Abysshorn-Rune","Rune Abysshorn","Runa Abysshorn","深淵之角符文","Abysshorn Rünü"
"Product./Game/Item/Equipment/Accessory/AbysshornSet/DA_AbysshornRune.DA_AbysshornRune.Description","그늘진 전당에서 새겨진 룬으로, 심연의 주문에 대한 기억을 품고 있습니다.","Carved in shadowed halls, it carried the memory of abyssal incantations.","影に沈む広間で刻まれ、奈落の呪文の記憶を宿しています。","刻于阴暗殿堂，承载着深渊咒文的记忆。","Tallada en salones sombríos, conserva el recuerdo de conjuros abisales.","Высеченная в тенистых залах, она хранит память о бездонных заклинаниях.","Entalhada em salões sombrios, guarda a memória de encantamentos abissais.","In schattigen Hallen gemeißelt, bewahrt sie die Erinnerung an abgründige Beschwörungen.","Gravée dans des salles ombragées, elle conserve le souvenir d’incantations abyssales.","Wyryta w mrocznych salach, przechowuje pamięć o otchłannych inkantacjach.","刻於陰暗殿堂，承載著深淵咒文的記憶。","Gölgeli salonlarda oyulan bu rün, uçurum büyülerinin anısını taşır."
"Product./Game/Item/Equipment/Accessory/ArcaneRelicSet/DA_ArcaneRelicEarrings.DA_ArcaneRelicEarrings.Name","아케인 렐릭 귀걸이","Arcane Relic Earrings","アーケインレリック・イヤリング","奥术遗物耳环","Pendientes Reliquia Arcana","Серьги Тайной реликвии","Brincos de Relíquia Arcana","Arkane-Relikt-Ohrringe","Boucles d’oreilles de Relique arcanique","Kolczyki Tajemnej Relikwii","奧術遺物耳環","Gizemli Kalıntı Küpeleri"
"Product./Game/Item/Equipment/Accessory/ArcaneRelicSet/DA_ArcaneRelicEarrings.DA_ArcaneRelicEarrings.Description","의식에 사용되던 귀걸이로, 감춰진 지식의 조각을 속삭입니다.","Used in rituals, they whispered fragments of hidden knowledge.","儀式に用いられ、隠された知識の断片を囁きます。","曾用于仪式，低声诉说着隐藏知识的碎片。","Usados en rituales, susurran fragmentos de conocimiento oculto.","Их использовали в ритуалах, и они нашёптывают обрывки скрытого знания.","Usados em rituais, sussurram fragmentos de conhecimento oculto.","Bei Ritualen verwendet, flüstern sie Fragmente verborgenen Wissens.","Utilisées lors de rituels, elles murmurent des fragments de savoir caché.","Używane w rytuałach, szepczą fragmentami ukrytej wiedzy.","曾用於儀式，低聲訴說著隱藏知識的碎片。","Ritüellerde kullanılan bu küpeler, saklı bilginin parçalarını fısıldar."
"Product./Game/Item/Equipment/Accessory/ArcaneRelicSet/DA_ArcaneRelicNecklace.DA_ArcaneRelicNecklace.Name","아케인 렐릭 목걸이","Arcane Relic Necklace","アーケインレリック・ネックレス","奥术遗物项链","Collar Reliquia Arcana","Ожерелье Тайной реликвии","Colar de Relíquia Arcana","Arkane-Relikt-Halskette","Collier de Relique arcanique","Naszyjnik Tajemnej Relikwii","奧術遺物項鍊","Gizemli Kalıntı Kolyesi"
"Product./Game/Item/Equipment/Accessory/ArcaneRelicSet/DA_ArcaneRelicNecklace.DA_ArcaneRelicNecklace.Description","비전의 계약으로 묶인 목걸이로, 착용자를 고대의 힘과 이어 줍니다.","Bound in arcane pacts, it tied the bearer to ancient power.","秘術の契約で結ばれ、持ち主を古代の力につなぎます。","由奥术契约束缚，将佩戴者与古老力量相连。","Ligado por pactos arcanos, une a su portador con un poder antiguo.","Скреплённое магическими договорами, оно связывает владельца с древней силой.","Preso por pactos arcanos, liga o portador a um poder ancestral.","Durch arkane Pakte gebunden, verbindet sie den Träger mit uralter Macht.","Lié par des pactes arcaniques, il relie son porteur à une puissance ancienne.","Związany tajemnymi paktami, łączy właściciela ze starożytną mocą.","由奧術契約束縛，將佩戴者與古老力量相連。","Gizemli antlaşmalarla bağlı bu kolye, taşıyanı kadim bir güce bağlar."
"Product./Game/Item/Equipment/Accessory/ArcaneRelicSet/DA_ArcaneRelicRing.DA_ArcaneRelicRing.Name","아케인 렐릭 반지","Arcane Relic Ring","アーケインレリック・リング","奥术遗物戒指","Anillo Reliquia Arcana","Кольцо Тайной реликвии","Anel de Relíquia Arcana","Arkane-Relikt-Ring","Anneau de Relique arcanique","Pierścień Tajemnej Relikwii","奧術遺物戒指","Gizemli Kalıntı Yüzüğü"
"Product./Game/Item/Equipment/Accessory/ArcaneRelicSet/DA_ArcaneRelicRing.DA_ArcaneRelicRing.Description","비밀리에 놓인 반지로, 마법과의 맹약을 봉인했습니다.","Placed in secrecy, it sealed a covenant with magic.","密かに授けられ、魔法との盟約を封じた指輪です。","在隐秘中被戴上，封印了与魔法的盟约。","Colocado en secreto, selló un pacto con la magia.","Надетое втайне, оно запечатало союз с магией.","Colocado em segredo, selou um pacto com a magia.","Im Geheimen angelegt, besiegelte er einen Bund mit der Magie.","Passé en secret, il scella une alliance avec la magie.","Założony w sekrecie, przypieczętował przymierze z magią.","在隱秘中被戴上，封印了與魔法的盟約。","Gizlice takılan bu yüzük, büyüyle yapılan bir antlaşmayı mühürledi."
"Product./Game/Item/Equipment/Accessory/ArcaneRelicSet/DA_ArcaneRelicRune.DA_ArcaneRelicRune.Name","아케인 렐릭 룬","Arcane Relic Rune","アーケインレリック・ルーン","奥术遗物符文","Runa Reliquia Arcana","Руна Тайной реликвии","Runa de Relíquia Arcana","Arkane-Relikt-Rune","Rune de Relique arcanique","Runa Tajemnej Relikwii","奧術遺物符文","Gizemli Kalıntı Rünü"
"Product./Game/Item/Equipment/Accessory/ArcaneRelicSet/DA_ArcaneRelicRune.DA_ArcaneRelicRune.Description","잊힌 전당에 새겨진 룬으로, 오래된 주문의 메아리를 품고 있습니다.","Inscribed in forgotten halls, it carried echoes of spells past.","忘れられた広間に刻まれ、過去の呪文の残響を宿しています。","刻于被遗忘的殿堂，承载着昔日法术的回响。","Inscrita en salones olvidados, conserva ecos de antiguos hechizos.","Начертанная в забытых залах, она хранит эхо давно ушедших заклинаний.","Inscrita em salões esquecidos, carrega ecos de feitiços antigos.","In vergessenen Hallen eingeschrieben, trägt sie das Echo vergangener Zauber.","Inscrite dans des salles oubliées, elle porte l’écho de sortilèges anciens.","Wyryta w zapomnianych salach, niesie echo dawnych zaklęć.","刻於被遺忘的殿堂，承載著昔日法術的迴響。","Unutulmuş salonlara işlenen bu rün, eski büyülerin yankılarını taşır."
"Product./Game/Item/Equipment/Accessory/IronwardenSet/DA_IronwardenEarrings.DA_IronwardenEarrings.Name","아이언워든 귀걸이","Ironwarden Earrings","アイアンウォーデン・イヤリング","铁卫耳环","Pendientes Guardián de Hierro","Серьги Железного стража","Brincos do Guardião de Ferro","Eisenwächter-Ohrringe","Boucles d’oreilles du Gardien de fer","Kolczyki Żelaznego Strażnika","鐵衛耳環","Demir Muhafız Küpeleri"
"Product./Game/Item/Equipment/Accessory/IronwardenSet/DA_IronwardenEarrings.DA_IronwardenEarrings.Description","전장에서 단련된 귀걸이로, 굽히지 않는 의무를 떠올리게 합니다.","Forged in battle, they reminded the bearer of unyielding duty.","戦場で鍛えられ、不屈の務めを持ち主に思い起こさせます。","在战火中锻造，提醒佩戴者坚守不屈的职责。","Forjados en batalla, recuerdan a su portador un deber inquebrantable.","Закалённые в бою, они напоминают владельцу о непреклонном долге.","Forjados em batalha, lembram ao portador um dever inabalável.","Im Kampf geschmiedet, erinnern sie den Träger an unbeugsame Pflicht.","Forgées au combat, elles rappellent à leur porteur un devoir inflexible.","Wykute w bitwie, przypominają właścicielowi o niezłomnym obowiązku.","在戰火中鍛造，提醒佩戴者堅守不屈的職責。","Savaşta dövülen bu küpeler, taşıyana sarsılmaz görevini hatırlatır."
"Product./Game/Item/Equipment/Accessory/IronwardenSet/DA_IronwardenNecklace.DA_IronwardenNecklace.Name","아이언워든 목걸이","Ironwarden Necklace","アイアンウォーデン・ネックレス","铁卫项链","Collar Guardián de Hierro","Ожерелье Железного стража","Colar do Guardião de Ferro","Eisenwächter-Halskette","Collier du Gardien de fer","Naszyjnik Żelaznego Strażnika","鐵衛項鍊","Demir Muhafız Kolyesi"
"Product./Game/Item/Equipment/Accessory/IronwardenSet/DA_IronwardenNecklace.DA_IronwardenNecklace.Description","전역 중 하사된 목걸이로, 엄격한 규율의 무게를 품고 있습니다.","Granted during campaigns, it carried the weight of discipline.","遠征で授けられ、厳格な規律の重みを宿しています。","在征战中被授予，承载着严明纪律的重量。","Concedido durante campañas, carga con el peso de la disciplina.","Дарованное во время походов, оно несёт тяжесть строгой дисциплины.","Concedido durante campanhas, carrega o peso da disciplina.","Während Feldzügen verliehen, trägt sie das Gewicht strenger Disziplin.","Accordé au cours de campagnes, il porte le poids de la discipline.","Nadany podczas kampanii, niesie ciężar dyscypliny.","在征戰中被授予，承載著嚴明紀律的重量。","Seferler sırasında verilen bu kolye, disiplinin ağırlığını taşır."
"Product./Game/Item/Equipment/Accessory/IronwardenSet/DA_IronwardenRing.DA_IronwardenRing.Name","아이언워든 반지","Ironwarden Ring","アイアンウォーデン・リング","铁卫戒指","Anillo Guardián de Hierro","Кольцо Железного стража","Anel do Guardião de Ferro","Eisenwächter-Ring","Anneau du Gardien de fer","Pierścień Żelaznego Strażnika","鐵衛戒指","Demir Muhafız Yüzüğü"
"Product./Game/Item/Equipment/Accessory/IronwardenSet/DA_IronwardenRing.DA_IronwardenRing.Description","맹세와 함께 착용된 반지로, 강철 같은 결의에 대한 충성을 봉인했습니다.","Once worn in oath, it sealed loyalty to iron resolve.","誓いとともにはめられ、鉄の意志への忠誠を封じました。","随誓言一同戴上，封印了对钢铁意志的忠诚。","Usado al prestar juramento, selló la lealtad a una voluntad de hierro.","Надетое при клятве, оно запечатало верность железной решимости.","Usado em um juramento, selou lealdade a uma determinação de ferro.","Bei einem Schwur angelegt, besiegelte er die Treue zu eisernem Entschluss.","Porté lors d’un serment, il scella la loyauté envers une volonté de fer.","Założony przy składaniu przysięgi, przypieczętował lojalność wobec żelaznej determinacji.","隨誓言一同戴上，封印了對鋼鐵意志的忠誠。","Bir yeminle takılan bu yüzük, demir iradeye bağlılığı mühürledi."
"Product./Game/Item/Equipment/Accessory/IronwardenSet/DA_IronwardenRune.DA_IronwardenRune.Name","아이언워든 룬","Ironwarden Rune","アイアンウォーデン・ルーン","铁卫符文","Runa Guardián de Hierro","Руна Железного стража","Runa do Guardião de Ferro","Eisenwächter-Rune","Rune du Gardien de fer","Runa Żelaznego Strażnika","鐵衛符文","Demir Muhafız Rünü"
"Product./Game/Item/Equipment/Accessory/IronwardenSet/DA_IronwardenRune.DA_IronwardenRune.Description","강철에 새겨진 룬으로, 굳건한 수호의 의지를 상징합니다.","Etched in steel, it embodied steadfast protection.","鋼に刻まれ、揺るぎない守護の意志を体現します。","刻于钢铁之上，象征着坚定不移的守护。","Grabada en acero, encarna una protección firme e inquebrantable.","Высеченная в стали, она воплощает непоколебимую защиту.","Gravada em aço, representa uma proteção firme e constante.","In Stahl geätzt, verkörpert sie standhafte Verteidigung.","Gravée dans l’acier, elle incarne une protection inébranlable.","Wyryta w stali, ucieleśnia niezłomną ochronę.","刻於鋼鐵之上，象徵著堅定不移的守護。","Çeliğe işlenen bu rün, sarsılmaz korumayı simgeler."
"Product./Game/Item/Equipment/Accessory/LunarisSet/DA_LunarisEarrings.DA_LunarisEarrings.Name","루나리스 귀걸이","Lunaris Earrings","ルナリス・イヤリング","月辉耳环","Pendientes Lunaris","Серьги Лунарис","Brincos Lunaris","Lunaris-Ohrringe","Boucles d’oreilles Lunaris","Kolczyki Lunaris","月輝耳環","Lunaris Küpeleri"
"Product./Game/Item/Equipment/Accessory/LunarisSet/DA_LunarisEarrings.DA_LunarisEarrings.Description","달빛 아래 축복받은 귀걸이로, 전장에서도 고요함을 간직하게 합니다.","Blessed under moonlight, they carried serenity through battles.","月明かりの下で祝福され、戦いの中にも静けさをもたらします。","在月光下受过祝福，即使身处战场也带来宁静。","Bendecidos bajo la luz de la luna, llevan serenidad incluso al campo de batalla.","Благословлённые лунным светом, они несут спокойствие даже в разгар боя.","Abençoados sob o luar, levam serenidade até mesmo às batalhas.","Im Mondlicht gesegnet, bringen sie selbst im Kampf Gelassenheit.","Bénies au clair de lune, elles apportent de la sérénité jusque sur le champ de bataille.","Pobłogosławione w świetle księżyca, niosą spokój nawet w sam środek bitwy.","在月光下受過祝福，即使身處戰場也帶來寧靜。","Ay ışığında kutsanan bu küpeler, savaşın ortasında bile huzur taşır."
"Product./Game/Item/Equipment/Accessory/LunarisSet/DA_LunarisNecklace.DA_LunarisNecklace.Name","루나리스 목걸이","Lunaris Necklace","ルナリス・ネックレス","月辉项链","Collar Lunaris","Ожерелье Лунарис","Colar Lunaris","Lunaris-Halskette","Collier Lunaris","Naszyjnik Lunaris","月輝項鍊","Lunaris Kolyesi"
"Product./Game/Item/Equipment/Accessory/LunarisSet/DA_LunarisNecklace.DA_LunarisNecklace.Description","밤의 의식에서 하사된 목걸이로, 착용자를 달의 은총과 결속시킵니다.","Bestowed in night rituals, it bound the bearer to lunar grace.","夜の儀式で授けられ、持ち主を月の恩寵へと結びつけます。","在夜间仪式中被授予，将佩戴者与月之恩典相连。","Otorgado en rituales nocturnos, vincula a su portador con la gracia lunar.","Дарованное в ночных обрядах, оно связывает владельца с лунной благодатью.","Concedido em rituais noturnos, liga o portador à graça lunar.","In nächtlichen Ritualen verliehen, verbindet sie den Träger mit der Gnade des Mondes.","Accordé lors de rites nocturnes, il lie son porteur à la grâce lunaire.","Nadany podczas nocnych rytuałów, łączy właściciela z księżycową łaską.","在夜間儀式中被授予，將佩戴者與月之恩典相連。","Gece ritüellerinde verilen bu kolye, taşıyanı ayın lütfuna bağlar."
"Product./Game/Item/Equipment/Accessory/LunarisSet/DA_LunarisRing.DA_LunarisRing.Name","루나리스 반지","Lunaris Ring","ルナリス・リング","月辉戒指","Anillo Lunaris","Кольцо Лунарис","Anel Lunaris","Lunaris-Ring","Anneau Lunaris","Pierścień Lunaris","月輝戒指","Lunaris Yüzüğü"
"Product./Game/Item/Equipment/Accessory/LunarisSet/DA_LunarisRing.DA_LunarisRing.Description","별빛 아래 끼워진 반지로, 달을 향한 헌신을 봉인했습니다.","Slipped on beneath the stars, it sealed devotion to the moon.","星空の下ではめられ、月への献身を封じた指輪です。","在星空下戴上，封印了对月亮的奉献。","Colocado bajo las estrellas, selló la devoción a la luna.","Надетое под звёздами, оно запечатало преданность луне.","Colocado sob as estrelas, selou a devoção à lua.","Unter den Sternen angelegt, besiegelte er die Hingabe an den Mond.","Passé sous les étoiles, il scella la dévotion envers la lune.","Założony pod gwiazdami, przypieczętował oddanie księżycowi.","在星空下戴上，封印了對月亮的奉獻。","Yıldızların altında takılan bu yüzük, aya duyulan bağlılığı mühürledi."
"Product./Game/Item/Equipment/Accessory/LunarisSet/DA_LunarisRune.DA_LunarisRune.Name","루나리스 룬","Lunaris Rune","ルナリス・ルーン","月辉符文","Runa Lunaris","Руна Лунарис","Runa Lunaris","Lunaris-Rune","Rune Lunaris","Runa Lunaris","月輝符文","Lunaris Rünü"
"Product./Game/Item/Equipment/Accessory/LunarisSet/DA_LunarisRune.DA_LunarisRune.Description","그림자 속에서 새겨진 룬으로, 밤하늘의 평온을 메아리칩니다.","Carved in shadow, it echoed the calm of night skies.","影の中で刻まれ、夜空の静けさを響かせます。","刻于阴影之中，回响着夜空的宁静。","Tallada en la sombra, repite la calma del cielo nocturno.","Высеченная во тьме, она отзывается покоем ночного неба.","Entalhada nas sombras, ecoa a calma do céu noturno.","Im Schatten gemeißelt, hallt in ihr die Ruhe des Nachthimmels wider.","Gravée dans l’ombre, elle résonne du calme du ciel nocturne.","Wyryta w cieniu, rozbrzmiewa spokojem nocnego nieba.","刻於陰影之中，迴響著夜空的寧靜。","Gölgede oyulan bu rün, gece göğünün sakinliğini yankılar."
"Product./Game/Item/Equipment/Accessory/RoseheartSet/DA_RoseheartEarrings.DA_RoseheartEarrings.Name","로즈하트 귀걸이","Roseheart Earrings","ローズハート・イヤリング","玫瑰之心耳环","Pendientes Corazón de Rosa","Серьги Сердца розы","Brincos Coração de Rosa","Rosenherz-Ohrringe","Boucles d’oreilles Cœur de Rose","Kolczyki Różanego Serca","玫瑰之心耳環","Gül Yüreği Küpeleri"
"Product./Game/Item/Equipment/Accessory/RoseheartSet/DA_RoseheartEarrings.DA_RoseheartEarrings.Description","사랑의 선물로 건네진 귀걸이로, 헌신의 속삭임을 품고 있습니다.","Gifted in love, they carried whispers of devotion.","愛の贈り物として渡され、献身の囁きを宿しています。","作为爱的礼物赠出，承载着奉献的低语。","Entregados por amor, guardan susurros de devoción.","Подаренные из любви, они хранят шёпоты преданности.","Oferecidos por amor, carregam sussurros de devoção.","Aus Liebe verschenkt, tragen sie Flüstern tiefer Hingabe.","Offertes par amour, elles portent des murmures de dévotion.","Podarowane z miłości, niosą szepty oddania.","作為愛的禮物贈出，承載著奉獻的低語。","Sevgiyle armağan edilen bu küpeler, bağlılığın fısıltılarını taşır."
"Product./Game/Item/Equipment/Accessory/RoseheartSet/DA_RoseheartNecklace.DA_RoseheartNecklace.Name","로즈하트 목걸이","Roseheart Necklace","ローズハート・ネックレス","玫瑰之心项链","Collar Corazón de Rosa","Ожерелье Сердца розы","Colar Coração de Rosa","Rosenherz-Halskette","Collier Cœur de Rose","Naszyjnik Różanego Serca","玫瑰之心項鍊","Gül Yüreği Kolyesi"
"Product./Game/Item/Equipment/Accessory/RoseheartSet/DA_RoseheartNecklace.DA_RoseheartNecklace.Description","서약과 함께 하사된 목걸이로, 착용자를 연민과 결속시킵니다.","Bestowed in vows, it bound the bearer to compassion.","誓いとともに授けられ、持ち主を慈愛へと結びつけます。","随誓言被授予，将佩戴者与慈爱相连。","Otorgado al pronunciar votos, une a su portador con la compasión.","Дарованное при обетах, оно связывает владельца с состраданием.","Concedido durante votos, liga o portador à compaixão.","Bei Gelübden verliehen, verbindet sie den Träger mit Mitgefühl.","Accordé lors de vœux, il lie son porteur à la compassion.","Nadany przy składaniu ślubów, łączy właściciela ze współczuciem.","隨誓言被授予，將佩戴者與慈愛相連。","Yeminler sırasında verilen bu kolye, taşıyanı merhamete bağlar."
"Product./Game/Item/Equipment/Accessory/RoseheartSet/DA_RoseheartRing.DA_RoseheartRing.Name","로즈하트 반지","Roseheart Ring","ローズハート・リング","玫瑰之心戒指","Anillo Corazón de Rosa","Кольцо Сердца розы","Anel Coração de Rosa","Rosenherz-Ring","Anneau Cœur de Rose","Pierścień Różanego Serca","玫瑰之心戒指","Gül Yüreği Yüzüğü"
"Product./Game/Item/Equipment/Accessory/RoseheartSet/DA_RoseheartRing.DA_RoseheartRing.Description","약속과 함께 끼워진 반지로, 마음의 충성을 봉인했습니다.","Slipped on in promise, it sealed loyalty of the heart.","約束とともにはめられ、心の忠誠を封じた指輪です。","随承诺戴上，封印了发自内心的忠诚。","Colocado como promesa, selló la lealtad del corazón.","Надетое как обещание, оно запечатало верность сердца.","Colocado como promessa, selou a lealdade do coração.","Als Versprechen angelegt, besiegelte er die Treue des Herzens.","Passé comme une promesse, il scella la loyauté du cœur.","Założony jako obietnica, przypieczętował wierność serca.","隨承諾戴上，封印了發自內心的忠誠。","Bir söz olarak takılan bu yüzük, kalbin sadakatini mühürledi."
"Product./Game/Item/Equipment/Accessory/RoseheartSet/DA_RoseheartRune.DA_RoseheartRune.Name","로즈하트 룬","Roseheart Rune","ローズハート・ルーン","玫瑰之心符文","Runa Corazón de Rosa","Руна Сердца розы","Runa Coração de Rosa","Rosenherz-Rune","Rune Cœur de Rose","Runa Różanego Serca","玫瑰之心符文","Gül Yüreği Rünü"
"Product./Game/Item/Equipment/Accessory/RoseheartSet/DA_RoseheartRune.DA_RoseheartRune.Description","추억을 담아 새겨진 룬으로, 영원한 애정의 인연을 메아리칩니다.","Carved in memory, it echoed eternal bonds of affection.","思い出を込めて刻まれ、永遠の愛情の絆を響かせます。","为纪念而刻下，回响着永恒爱意的羁绊。","Tallada como recuerdo, repite vínculos eternos de afecto.","Высеченная в память, она отзывается вечными узами любви.","Entalhada em memória, ecoa laços eternos de afeto.","Zur Erinnerung gemeißelt, hallen in ihr ewige Bande der Zuneigung wider.","Gravée en mémoire, elle résonne de liens éternels d’affection.","Wyryta ku pamięci, rozbrzmiewa wiecznymi więzami uczucia.","為紀念而刻下，迴響著永恆愛意的羈絆。","Bir anı için oyulan bu rün, sevginin sonsuz bağlarını yankılar."
"Product./Game/Item/Equipment/Accessory/SeraphimSet/DA_SeraphimEarrings.DA_SeraphimEarrings.Name","세라핌 귀걸이","Seraphim Earrings","セラフィム・イヤリング","炽天使耳环","Pendientes Serafín","Серьги Серафима","Brincos de Serafim","Seraphim-Ohrringe","Boucles d’oreilles de Séraphin","Kolczyki Serafina","熾天使耳環","Serafim Küpeleri"
"Product./Game/Item/Equipment/Accessory/SeraphimSet/DA_SeraphimEarrings.DA_SeraphimEarrings.Description","기도 속에서 축복받은 귀걸이로, 신성한 인도의 속삭임을 품고 있습니다.","Once blessed in prayer, they carried whispers of divine guidance.","祈りの中で祝福され、神聖な導きの囁きを宿しています。","曾在祈祷中受祝福，承载着神圣指引的低语。","Bendecidos en oración, guardan susurros de guía divina.","Благословлённые молитвой, они хранят шёпоты божественного наставления.","Abençoados em oração, carregam sussurros de orientação divina.","Im Gebet gesegnet, tragen sie Flüstern göttlicher Führung.","Bénies dans la prière, elles portent des murmures de guidance divine.","Pobłogosławione w modlitwie, niosą szepty boskiego przewodnictwa.","曾在祈禱中受祝福，承載著神聖指引的低語。","Dua sırasında kutsanan bu küpeler, ilahi rehberliğin fısıltılarını taşır."
"Product./Game/Item/Equipment/Accessory/SeraphimSet/DA_SeraphimNecklace.DA_SeraphimNecklace.Name","세라핌 목걸이","Seraphim Necklace","セラフィム・ネックレス","炽天使项链","Collar Serafín","Ожерелье Серафима","Colar de Serafim","Seraphim-Halskette","Collier de Séraphin","Naszyjnik Serafina","熾天使項鍊","Serafim Kolyesi"
"Product./Game/Item/Equipment/Accessory/SeraphimSet/DA_SeraphimNecklace.DA_SeraphimNecklace.Description","성스러운 의식에서 하사된 목걸이로, 착용자를 성스러운 빛과 결속시킵니다.","Bestowed in sacred rites, it bound the bearer to holy light.","聖なる儀式で授けられ、持ち主を聖なる光へと結びつけます。","在神圣仪式中被授予，将佩戴者与圣光相连。","Otorgado en ritos sagrados, vincula a su portador con la luz divina.","Дарованное в священных обрядах, оно связывает владельца со святым светом.","Concedido em ritos sagrados, liga o portador à luz divina.","In heiligen Riten verliehen, verbindet sie den Träger mit heiligem Licht.","Accordé lors de rites sacrés, il lie son porteur à la lumière divine.","Nadany podczas świętych rytuałów, łączy właściciela ze świętym światłem.","在神聖儀式中被授予，將佩戴者與聖光相連。","Kutsal ayinlerde verilen bu kolye, taşıyanı kutsal ışığa bağlar."
"Product./Game/Item/Equipment/Accessory/SeraphimSet/DA_SeraphimRing.DA_SeraphimRing.Name","세라핌 반지","Seraphim Ring","セラフィム・リング","炽天使戒指","Anillo Serafín","Кольцо Серафима","Anel de Serafim","Seraphim-Ring","Anneau de Séraphin","Pierścień Serafina","熾天使戒指","Serafim Yüzüğü"
"Product./Game/Item/Equipment/Accessory/SeraphimSet/DA_SeraphimRing.DA_SeraphimRing.Description","헌신과 함께 끼워진 반지로, 신앙의 서약을 봉인했습니다.","Slipped on in devotion, it sealed a vow of faith.","献身とともにはめられ、信仰の誓いを封じました。","随虔诚信念戴上，封印了信仰的誓约。","Colocado con devoción, selló un voto de fe.","Надетое с благоговением, оно запечатало обет веры.","Colocado com devoção, selou um voto de fé.","In Hingabe angelegt, besiegelte er ein Gelübde des Glaubens.","Passé avec dévotion, il scella un vœu de foi.","Założony z oddaniem, przypieczętował ślub wiary.","隨虔誠信念戴上，封印了信仰的誓約。","Adanmışlıkla takılan bu yüzük, inanç yeminini mühürledi."
"Product./Game/Item/Equipment/Accessory/SeraphimSet/DA_SeraphimRune.DA_SeraphimRune.Name","세라핌 룬","Seraphim Rune","セラフィム・ルーン","炽天使符文","Runa Serafín","Руна Серафима","Runa de Serafim","Seraphim-Rune","Rune de Séraphin","Runa Serafina","熾天使符文","Serafim Rünü"
"Product./Game/Item/Equipment/Accessory/SeraphimSet/DA_SeraphimRune.DA_SeraphimRune.Description","성소에서 새겨진 룬으로, 영원한 은총을 메아리칩니다.","Carved in sanctuaries, it echoed eternal grace.","聖域で刻まれ、永遠の恩寵を響かせます。","刻于圣所之中，回响着永恒的恩典。","Tallada en santuarios, repite una gracia eterna.","Высеченная в святилищах, она отзывается вечной благодатью.","Entalhada em santuários, ecoa a graça eterna.","In Heiligtümern gemeißelt, hallt in ihr ewige Gnade wider.","Gravée dans des sanctuaires, elle résonne d’une grâce éternelle.","Wyryta w sanktuariach, rozbrzmiewa wieczną łaską.","刻於聖所之中，迴響著永恆的恩典。","Kutsal mekânlarda oyulan bu rün, ebedî lütfu yankılar."
"Product./Game/Item/Equipment/Accessory/SolarisSet/DA_SolarisEarrings.DA_SolarisEarrings.Name","솔라리스 귀걸이","Solaris Earrings","ソラリス・イヤリング","日耀耳环","Pendientes Solaris","Серьги Солярис","Brincos Solaris","Solaris-Ohrringe","Boucles d’oreilles Solaris","Kolczyki Solaris","日耀耳環","Solaris Küpeleri"
"Product./Game/Item/Equipment/Accessory/SolarisSet/DA_SolarisEarrings.DA_SolarisEarrings.Description","새벽에 착용되던 귀걸이로, 떠오르는 빛의 온기를 품고 있습니다.","Once worn at dawn, they carried the warmth of rising light.","夜明けに身につけられ、昇る光のぬくもりを宿しています。","曾在黎明时佩戴，承载着初升之光的温暖。","Usados al amanecer, conservan el calor de la luz naciente.","Когда-то их надевали на рассвете, и они хранят тепло восходящего света.","Usados certa vez ao amanhecer, carregam o calor da luz nascente.","Einst im Morgengrauen getragen, bewahren sie die Wärme des aufgehenden Lichts.","Autrefois portées à l’aube, elles gardent la chaleur de la lumière montante.","Niegdyś noszone o świcie, przechowują ciepło wschodzącego światła.","曾在黎明時佩戴，承載著初升之光的溫暖。","Bir zamanlar şafakta takılan bu küpeler, yükselen ışığın sıcaklığını taşır."
"Product./Game/Item/Equipment/Accessory/SolarisSet/DA_SolarisNecklace.DA_SolarisNecklace.Name","솔라리스 목걸이","Solaris Necklace","ソラリス・ネックレス","日耀项链","Collar Solaris","Ожерелье Солярис","Colar Solaris","Solaris-Halskette","Collier Solaris","Naszyjnik Solaris","日耀項鍊","Solaris Kolyesi"
"Product./Game/Item/Equipment/Accessory/SolarisSet/DA_SolarisNecklace.DA_SolarisNecklace.Description","햇빛 아래의 서약에서 하사된 목걸이로, 착용자를 찬란한 힘과 결속시킵니다.","Granted in sunlit vows, it bound the bearer to radiant strength.","陽光の誓いで授けられ、持ち主を輝く力へと結びつけます。","在阳光下的誓约中被授予，将佩戴者与辉煌力量相连。","Concedido bajo votos bañados por el sol, vincula a su portador con una fuerza radiante.","Дарованное при клятвах под солнцем, оно связывает владельца с сияющей силой.","Concedido em votos sob o sol, liga o portador a uma força radiante.","Bei Gelübden im Sonnenlicht verliehen, verbindet sie den Träger mit strahlender Kraft.","Accordé lors de vœux baignés de soleil, il lie son porteur à une force rayonnante.","Nadany podczas przysiąg składanych w słońcu, łączy właściciela z promienną siłą.","在陽光下的誓約中被授予，將佩戴者與輝煌力量相連。","Güneş ışığı altındaki yeminlerde verilen bu kolye, taşıyanı parlak bir güce bağlar."
"Product./Game/Item/Equipment/Accessory/SolarisSet/DA_SolarisRing.DA_SolarisRing.Name","솔라리스 반지","Solaris Ring","ソラリス・リング","日耀戒指","Anillo Solaris","Кольцо Солярис","Anel Solaris","Solaris-Ring","Anneau Solaris","Pierścień Solaris","日耀戒指","Solaris Yüzüğü"
"Product./Game/Item/Equipment/Accessory/SolarisSet/DA_SolarisRing.DA_SolarisRing.Description","불타는 맹세와 함께 놓인 반지로, 태양을 향한 헌신을 봉인했습니다.","Placed in fiery oath, it sealed devotion to the sun.","炎の誓いとともに置かれ、太陽への献身を封じました。","随炽热誓言戴上，封印了对太阳的奉献。","Colocado en un juramento ardiente, selló la devoción al sol.","Надетое при огненной клятве, оно запечатало преданность солнцу.","Colocado em um juramento ardente, selou a devoção ao sol.","Bei einem feurigen Schwur angelegt, besiegelte er die Hingabe an die Sonne.","Passé lors d’un serment ardent, il scella la dévotion envers le soleil.","Założony przy ognistej przysiędze, przypieczętował oddanie słońcu.","隨熾熱誓言戴上，封印了對太陽的奉獻。","Ateşli bir yeminle takılan bu yüzük, güneşe adanmışlığı mühürledi."
"Product./Game/Item/Equipment/Accessory/SolarisSet/DA_SolarisRune.DA_SolarisRune.Name","솔라리스 룬","Solaris Rune","ソラリス・ルーン","日耀符文","Runa Solaris","Руна Солярис","Runa Solaris","Solaris-Rune","Rune Solaris","Runa Solaris","日耀符文","Solaris Rünü"
"Product./Game/Item/Equipment/Accessory/SolarisSet/DA_SolarisRune.DA_SolarisRune.Description","타오르는 전당에 새겨진 룬으로, 낮의 힘을 메아리칩니다.","Etched in blazing halls, it echoed the power of day.","燃え盛る広間に刻まれ、昼の力を響かせます。","刻于炽烈殿堂，回响着白昼的力量。","Grabada en salones abrasadores, repite el poder del día.","Высеченная в пылающих залах, она отзывается силой дня.","Gravada em salões em chamas, ecoa o poder do dia.","In flammenden Hallen geätzt, hallt in ihr die Kraft des Tages wider.","Gravée dans des salles embrasées, elle résonne de la puissance du jour.","Wyryta w płonących salach, rozbrzmiewa mocą dnia.","刻於熾烈殿堂，迴響著白晝的力量。","Alevli salonlara işlenen bu rün, gündüzün gücünü yankılar."
"Product./Game/Item/Equipment/Accessory/WayfarerSet/DA_WayfarerEarrings.DA_WayfarerEarrings.Name","웨이페어러 귀걸이","Wayfarer Earrings","ウェイフェアラー・イヤリング","旅者耳环","Pendientes del Viajero","Серьги Странника","Brincos do Andarilho","Wanderer-Ohrringe","Boucles d’oreilles du Voyageur","Kolczyki Wędrowca","旅者耳環","Gezgin Küpeleri"
"Product./Game/Item/Equipment/Accessory/WayfarerSet/DA_WayfarerEarrings.DA_WayfarerEarrings.Description","먼 길을 떠돌며 착용되던 귀걸이로, 방랑의 여정을 이야기합니다.","Worn on distant roads, they carried tales of wandering journeys.","遠い道で身につけられ、さすらいの旅の物語を宿しています。","曾伴随遥远旅途，承载着漂泊之路的故事。","Usados en caminos lejanos, guardan historias de viajes errantes.","Их носили на далёких дорогах, и они хранят истории странствий.","Usados em estradas distantes, carregam histórias de longas jornadas.","Auf fernen Wegen getragen, bewahren sie Geschichten endloser Reisen.","Portées sur des routes lointaines, elles gardent les récits de longues errances.","Noszone na dalekich drogach, przechowują opowieści o tułaczych podróżach.","曾伴隨遙遠旅途，承載著漂泊之路的故事。","Uzak yollarda takılan bu küpeler, uzun yolculukların hikâyelerini taşır."
"Product./Game/Item/Equipment/Accessory/WayfarerSet/DA_WayfarerNecklace.DA_WayfarerNecklace.Name","웨이페어러 목걸이","Wayfarer Necklace","ウェイフェアラー・ネックレス","旅者项链","Collar del Viajero","Ожерелье Странника","Colar do Andarilho","Wanderer-Halskette","Collier du Voyageur","Naszyjnik Wędrowca","旅者項鍊","Gezgin Kolyesi"
"Product./Game/Item/Equipment/Accessory/WayfarerSet/DA_WayfarerNecklace.DA_WayfarerNecklace.Description","여행 중 선물로 건네진 목걸이로, 착용자를 아직 밟지 않은 길과 이어 줍니다.","Gifted in travels, it bound the bearer to paths untrodden.","旅の途中で贈られ、持ち主をまだ見ぬ道へと結びつけます。","在旅途中被赠予，将佩戴者与尚未踏足的道路相连。","Entregado durante un viaje, une a su portador con senderos aún no recorridos.","Подаренное в пути, оно связывает владельца с ещё не пройденными дорогами.","Oferecido durante viagens, liga o portador a caminhos ainda não percorridos.","Auf Reisen verschenkt, verbindet sie den Träger mit noch unbeschrittenen Pfaden.","Offert au cours d’un voyage, il lie son porteur à des chemins encore inexplorés.","Podarowany w podróży, łączy właściciela z jeszcze nieprzemierzonymi szlakami.","在旅途中被贈予，將佩戴者與尚未踏足的道路相連。","Yolculukta hediye edilen bu kolye, taşıyanı henüz yürünmemiş yollara bağlar."
"Product./Game/Item/Equipment/Accessory/WayfarerSet/DA_WayfarerRing.DA_WayfarerRing.Name","웨이페어러 반지","Wayfarer Ring","ウェイフェアラー・リング","旅者戒指","Anillo del Viajero","Кольцо Странника","Anel do Andarilho","Wanderer-Ring","Anneau du Voyageur","Pierścień Wędrowca","旅者戒指","Gezgin Yüzüğü"
"Product./Game/Item/Equipment/Accessory/WayfarerSet/DA_WayfarerRing.DA_WayfarerRing.Description","우정의 증표로 교환되던 반지로, 먼 땅 사이의 인연을 봉인했습니다.","Once exchanged in friendship, it sealed bonds across lands.","友情の証として交わされ、遠い土地を越える絆を封じました。","曾作为友谊的信物交换，封印了跨越远方的羁绊。","Intercambiado como símbolo de amistad, selló vínculos entre tierras distantes.","Когда-то обменённое в знак дружбы, оно запечатало узы между далёкими землями.","Trocado certa vez em amizade, selou laços entre terras distantes.","Einst als Zeichen der Freundschaft getauscht, besiegelte er Bande über ferne Länder hinweg.","Autrefois échangé en signe d’amitié, il scella des liens entre terres lointaines.","Niegdyś wymieniony na znak przyjaźni, przypieczętował więzi między odległymi krainami.","曾作為友誼的信物交換，封印了跨越遠方的羈絆。","Bir zamanlar dostluk işareti olarak değiş tokuş edilen bu yüzük, uzak diyarlar arasındaki bağları mühürledi."
"Product./Game/Item/Equipment/Accessory/WayfarerSet/DA_WayfarerRune.DA_WayfarerRune.Name","웨이페어러 룬","Wayfarer Rune","ウェイフェアラー・ルーン","旅者符文","Runa del Viajero","Руна Странника","Runa do Andarilho","Wanderer-Rune","Rune du Voyageur","Runa Wędrowca","旅者符文","Gezgin Rünü"
"Product./Game/Item/Equipment/Accessory/WayfarerSet/DA_WayfarerRune.DA_WayfarerRune.Description","지도 위에 새겨진 룬으로, 미지의 지평선을 향한 발걸음을 이끕니다.","Marked on maps, it guided steps through unknown horizons.","地図に刻まれ、未知の地平へ向かう足取りを導きます。","标记于地图之上，引导脚步迈向未知的地平线。","Marcada en mapas, guía los pasos hacia horizontes desconocidos.","Отмеченная на картах, она направляет шаги к неизведанным горизонтам.","Marcada em mapas, guia os passos rumo a horizontes desconhecidos.","Auf Karten markiert, führt sie Schritte zu unbekannten Horizonten.","Marquée sur des cartes, elle guide les pas vers des horizons inconnus.","Zaznaczona na mapach, prowadzi kroki ku nieznanym horyzontom.","標記於地圖之上，引導腳步邁向未知的地平線。","Haritalara işaretlenen bu rün, adımları bilinmeyen ufuklara yönlendirir."
"Product./Game/Item/Equipment/ArcherSet/DA_ArcherBoots.DA_ArcherBoots.Name","궁수 부츠","Archer Boots","アーチャー・ブーツ","射手靴","Botas de Arquero","Сапоги лучника","Botas de Arqueiro","Bogenschützenstiefel","Bottes d’Archer","Buty Łucznika","射手靴","Okçu Botları"
"Product./Game/Item/Equipment/ArcherSet/DA_ArcherBoots.DA_ArcherBoots.Description","발걸음마다 소리가 사라져, 화살이 표적을 정확히 꿰뚫도록 돕습니다.","Each step was silent, guiding arrows to their mark.","足音を消し、放つ矢を的へと導きます。","每一步都悄无声息，让箭矢更准确地命中目标。","Cada paso es silencioso y ayuda a que las flechas encuentren su objetivo.","Каждый шаг бесшумен и помогает стрелам находить свою цель.","Cada passo é silencioso, ajudando as flechas a encontrarem o alvo.","Jeder Schritt ist lautlos und hilft den Pfeilen, ihr Ziel zu finden.","Chaque pas est silencieux et aide les flèches à trouver leur cible.","Każdy krok jest bezgłośny i pomaga strzałom odnaleźć cel.","每一步都悄無聲息，讓箭矢更準確地命中目標。","Her adım sessizdir ve okların hedefini bulmasına yardımcı olur."
"Product./Game/Item/Equipment/ArcherSet/DA_ArcherChestplate.DA_ArcherChestplate.Name","궁수 흉갑","Archer Chestplate","アーチャー・チェストプレート","射手胸甲","Coraza de Arquero","Нагрудник лучника","Peitoral de Arqueiro","Bogenschützenbrustplatte","Plastron d’Archer","Napierśnik Łucznika","射手胸甲","Okçu Göğüslüğü"
"Product./Game/Item/Equipment/ArcherSet/DA_ArcherChestplate.DA_ArcherChestplate.Description","가벼우면서도 굳건한 방어력으로 수많은 소규모 전투를 견뎌 냈습니다.","It endured skirmishes, light yet steadfast in defense.","軽量ながら堅牢で、幾度もの小競り合いを耐え抜きました。","轻巧却坚固，曾承受无数次小规模交战。","Ligera pero firme, ha resistido innumerables escaramuzas.","Лёгкий, но надёжный, он выдержал немало стычек.","Leve, mas firme, resistiu a inúmeras escaramuças.","Leicht und dennoch standfest, hat sie zahllose Scharmützel überstanden.","Léger mais solide, il a résisté à d’innombrables escarmouches.","Lekki, lecz wytrzymały, przetrwał niezliczone potyczki.","輕巧卻堅固，曾承受無數次小規模交戰。","Hafif ama sağlamdır; sayısız küçük çatışmaya dayanmıştır."
"Product./Game/Item/Equipment/ArcherSet/DA_ArcherHelmet.DA_ArcherHelmet.Name","궁수 투구","Archer Helmet","アーチャー・ヘルメット","射手头盔","Casco de Arquero","Шлем лучника","Elmo de Arqueiro","Bogenschützenhelm","Casque d’Archer","Hełm Łucznika","射手頭盔","Okçu Miğferi"
"Product./Game/Item/Equipment/ArcherSet/DA_ArcherHelmet.DA_ArcherHelmet.Description","매복에서 사용되던 투구로, 모든 사격에 집중력을 더해 줍니다.","Once worn in ambush, it sharpened the focus of every shot.","待ち伏せで使われ、あらゆる射撃への集中力を高めます。","曾用于伏击，令每一次射击都更加专注。","Usado en emboscadas, agudiza la concentración en cada disparo.","Когда-то использовавшийся в засадах, он обостряет концентрацию при каждом выстреле.","Usado certa vez em emboscadas, aguça o foco a cada disparo.","Einst bei Hinterhalten getragen, schärft er die Konzentration bei jedem Schuss.","Autrefois porté lors d’embuscades, il aiguise la concentration à chaque tir.","Niegdyś noszony podczas zasadzek, wyostrza skupienie przy każdym strzale.","曾用於伏擊，令每一次射擊都更加專注。","Bir zamanlar pusularda kullanılan bu miğfer, her atışta odağı keskinleştirir."
"Product./Game/Item/Equipment/ArcherSet/DA_ArcherLeggings.DA_ArcherLeggings.Name","궁수 각반","Archer Leggings","アーチャー・レギンス","射手护腿","Grebas de Arquero","Поножи лучника","Perneiras de Arqueiro","Bogenschützenbeinschienen","Jambières d’Archer","Nogawice Łucznika","射手護腿","Okçu Tozlukları"
"Product./Game/Item/Equipment/ArcherSet/DA_ArcherLeggings.DA_ArcherLeggings.Description","숲과 언덕을 가로질러 궁수가 빠르게 움직일 수 있게 해줍니다.","They carried the archer swiftly across forests and hills.","森や丘を越えて、弓兵の素早い移動を支えます。","帮助射手迅速穿越森林与山丘。","Permiten al arquero moverse con rapidez por bosques y colinas.","Помогают лучнику быстро пересекать леса и холмы.","Permitem ao arqueiro cruzar florestas e colinas com rapidez.","Sie tragen den Bogenschützen schnell durch Wälder und über Hügel.","Elles permettent à l’archer de traverser rapidement forêts et collines.","Pozwalają łucznikowi szybko przemierzać lasy i wzgórza.","幫助射手迅速穿越森林與山丘。","Okçunun ormanlar ve tepeler boyunca hızla hareket etmesini sağlar."
"Product./Game/Item/Equipment/DeathKnightSet/DA_DeathKnightBoots.DA_DeathKnightBoots.Name","죽음의 기사 부츠","Death Knight Boots","デスナイト・ブーツ","死亡骑士靴","Botas de Caballero de la Muerte","Сапоги рыцаря смерти","Botas de Cavaleiro da Morte","Todesritterstiefel","Bottes de Chevalier de la mort","Buty Rycerza Śmierci","死亡騎士靴","Ölüm Şövalyesi Botları"
"Product./Game/Item/Equipment/DeathKnightSet/DA_DeathKnightBoots.DA_DeathKnightBoots.Description","피와 재를 가르며 전진했고, 지나간 자리에는 침묵만 남았습니다.","They marched through blood and ash, leaving silence behind.","血と灰の中を進み、その跡には静寂だけを残しました。","踏过鲜血与灰烬，只在身后留下沉寂。","Marcharon entre sangre y ceniza, dejando solo silencio a su paso.","Они шли через кровь и пепел, оставляя за собой лишь тишину.","Marcharam por sangue e cinzas, deixando apenas silêncio para trás.","Sie marschierten durch Blut und Asche und ließen nur Stille zurück.","Elles ont marché dans le sang et les cendres, ne laissant que le silence derrière elles.","Maszerowały przez krew i popiół, pozostawiając za sobą jedynie ciszę.","踏過鮮血與灰燼，只在身後留下沉寂。","Kan ve kül içinden yürüdüler, arkalarında yalnızca sessizlik bıraktılar."
"Product./Game/Item/Equipment/DeathKnightSet/DA_DeathKnightChestplate.DA_DeathKnightChestplate.Name","죽음의 기사 흉갑","Death Knight Chestplate","デスナイト・チェストプレート","死亡骑士胸甲","Coraza de Caballero de la Muerte","Нагрудник рыцаря смерти","Peitoral de Cavaleiro da Morte","Todesritterbrustplatte","Plastron de Chevalier de la mort","Napierśnik Rycerza Śmierci","死亡騎士胸甲","Ölüm Şövalyesi Göğüslüğü"
"Product./Game/Item/Equipment/DeathKnightSet/DA_DeathKnightChestplate.DA_DeathKnightChestplate.Description","수없이 많은 공격을 받아내며 불경한 인내로 버텨 왔습니다.","It absorbed countless blows, fueled by unholy endurance.","数え切れない打撃を受け止め、邪悪な耐久力で持ちこたえました。","承受无数重击，以邪异的耐力坚持至今。","Ha soportado incontables golpes gracias a una resistencia impía.","Он выдержал бесчисленные удары, подпитываемый нечестивой выносливостью.","Suportou golpes incontáveis graças a uma resistência profana.","Sie fing zahllose Schläge ab und hielt mit unheiliger Ausdauer stand.","Il a encaissé d’innombrables coups grâce à une endurance impie.","Wytrzymał niezliczone ciosy dzięki nieświętej odporności.","承受無數重擊，以邪異的耐力堅持至今。","Sayısız darbeyi karşıladı ve uğursuz bir dayanıklılıkla ayakta kaldı."
"Product./Game/Item/Equipment/DeathKnightSet/DA_DeathKnightHelmet.DA_DeathKnightHelmet.Name","죽음의 기사 투구","Death Knight Helmet","デスナイト・ヘルメット","死亡骑士头盔","Casco de Caballero de la Muerte","Шлем рыцаря смерти","Elmo de Cavaleiro da Morte","Todesritterhelm","Casque de Chevalier de la mort","Hełm Rycerza Śmierci","死亡騎士頭盔","Ölüm Şövalyesi Miğferi"
"Product./Game/Item/Equipment/DeathKnightSet/DA_DeathKnightHelmet.DA_DeathKnightHelmet.Description","어둠의 맹세 속에서 벼려진 투구로, 쓰러진 영혼의 기억을 속삭입니다.","Forged in dark vows, it whispered the memory of fallen souls.","闇の誓いから鍛えられ、倒れた魂の記憶を囁きます。","由黑暗誓言锻造，低语着逝去灵魂的记忆。","Forjado en juramentos oscuros, susurra el recuerdo de las almas caídas.","Выкованный из тёмных обетов, он шепчет о памяти павших душ.","Forjado em juramentos sombrios, sussurra a memória de almas caídas.","Aus dunklen Schwüren geschmiedet, flüstert er von den Erinnerungen gefallener Seelen.","Forgé dans de sombres serments, il murmure le souvenir des âmes tombées.","Wykuty z mrocznych przysiąg, szepcze pamięcią poległych dusz.","由黑暗誓言鍛造，低語著逝去靈魂的記憶。","Karanlık yeminlerde dövülen bu miğfer, düşmüş ruhların anılarını fısıldar."
"Product./Game/Item/Equipment/DeathKnightSet/DA_DeathKnightLeggings.DA_DeathKnightLeggings.Name","죽음의 기사 각반","Death Knight Leggings","デスナイト・レギンス","死亡骑士护腿","Grebas de Caballero de la Muerte","Поножи рыцаря смерти","Perneiras de Cavaleiro da Morte","Todesritterbeinschienen","Jambières de Chevalier de la mort","Nogawice Rycerza Śmierci","死亡騎士護腿","Ölüm Şövalyesi Tozlukları"
"Product./Game/Item/Equipment/DeathKnightSet/DA_DeathKnightLeggings.DA_DeathKnightLeggings.Description","한 걸음마다 무덤의 냉기를 전장으로 끌고 옵니다.","Every stride carried the chill of the grave into battle.","一歩ごとに墓場の冷気を戦場へ運びます。","每一步都把坟墓的寒意带入战场。","Cada zancada lleva al combate el frío de la tumba.","Каждый шаг несёт в бой холод могилы.","Cada passada leva o frio da sepultura ao campo de batalha.","Jeder Schritt trägt die Kälte des Grabes auf das Schlachtfeld.","Chaque foulée apporte le froid de la tombe sur le champ de bataille.","Każdy krok niesie na pole bitwy chłód grobu.","每一步都把墳墓的寒意帶入戰場。","Her adım mezarın soğuğunu savaş alanına taşır."
"Product./Game/Item/Equipment/DemonSet/DA_DemonBoots.DA_DemonBoots.Name","악마 부츠","Demon Boots","デーモン・ブーツ","恶魔靴","Botas Demoníacas","Демонические сапоги","Botas Demoníacas","Dämonenstiefel","Bottes démoniaques","Demoniczne Buty","惡魔靴","İblis Botları"
"Product./Game/Item/Equipment/DemonSet/DA_DemonBoots.DA_DemonBoots.Description","걸음마다 불꽃의 흔적을 남기며, 착용자를 지옥의 분노로 몰아붙입니다.","Each step left a mark of fire, driving the wearer with infernal fury.","歩くたび炎の痕跡を残し、持ち主を地獄の憤怒で駆り立てます。","每一步都留下火焰痕迹，以地狱般的狂怒驱使佩戴者前行。","Cada paso deja una huella de fuego e impulsa al portador con furia infernal.","Каждый шаг оставляет огненный след и гонит владельца вперёд адской яростью.","Cada passo deixa uma marca de fogo e impulsiona o portador com fúria infernal.","Jeder Schritt hinterlässt eine Spur aus Feuer und treibt den Träger mit höllischer Wut an.","Chaque pas laisse une trace de feu et pousse le porteur avec une fureur infernale.","Każdy krok pozostawia ślad ognia i pcha właściciela naprzód piekielną furią.","每一步都留下火焰痕跡，以地獄般的狂怒驅使佩戴者前行。","Her adım ateşten bir iz bırakır ve taşıyanı cehennemî öfkeyle ileri sürükler."
"Product./Game/Item/Equipment/DemonSet/DA_DemonChestplate.DA_DemonChestplate.Name","악마 흉갑","Demon Chestplate","デーモン・チェストプレート","恶魔胸甲","Coraza Demoníaca","Демонический нагрудник","Peitoral Demoníaco","Dämonenbrustplatte","Plastron démoniaque","Demoniczny Napierśnik","惡魔胸甲","İblis Göğüslüğü"
"Product./Game/Item/Equipment/DemonSet/DA_DemonChestplate.DA_DemonChestplate.Description","금지된 룬이 새겨진 흉갑으로, 모든 전투에 타락을 퍼뜨립니다.","Etched with forbidden runes, it spread corruption in every fight.","禁じられたルーンが刻まれ、戦うたびに腐敗を広げます。","刻有禁忌符文，在每场战斗中散播腐化。","Grabada con runas prohibidas, extiende la corrupción en cada combate.","Покрытый запретными рунами, он распространяет порчу в каждой схватке.","Gravado com runas proibidas, espalha corrupção em cada combate.","Mit verbotenen Runen geätzt, verbreitet sie in jedem Kampf Verderbnis.","Gravé de runes interdites, il répand la corruption à chaque combat.","Pokryty zakazanymi runami, szerzy zepsucie w każdej walce.","刻有禁忌符文，在每場戰鬥中散播腐化。","Yasak rünlerle işlenen bu zırh, her savaşta yozlaşma yayar."
"Product./Game/Item/Equipment/DemonSet/DA_DemonHelmet.DA_DemonHelmet.Name","악마 투구","Demon Helmet","デーモン・ヘルメット","恶魔头盔","Casco Demoníaco","Демонический шлем","Elmo Demoníaco","Dämonenhelm","Casque démoniaque","Demoniczny Hełm","惡魔頭盔","İblis Miğferi"
"Product./Game/Item/Equipment/DemonSet/DA_DemonHelmet.DA_DemonHelmet.Description","저주받은 의식에서 쓰이던 투구로, 착용자에게 공포스러운 힘을 불어넣습니다.","Once donned in a cursed ritual, it filled the bearer with dread power.","呪われた儀式で身につけられ、持ち主に恐るべき力を満たします。","曾用于受诅咒的仪式，让佩戴者充满令人畏惧的力量。","Usado antaño en un ritual maldito, llena al portador de un poder aterrador.","Когда-то надетый в проклятом ритуале, он наполняет владельца ужасающей силой.","Usado certa vez em um ritual amaldiçoado, enche o portador de poder aterrador.","Einst in einem verfluchten Ritual getragen, erfüllt er den Träger mit furchterregender Macht.","Autrefois porté lors d’un rituel maudit, il emplit son porteur d’une puissance terrifiante.","Niegdyś noszony podczas przeklętego rytuału, napełnia właściciela przerażającą mocą.","曾用於受詛咒的儀式，讓佩戴者充滿令人畏懼的力量。","Bir zamanlar lanetli bir ritüelde takılan bu miğfer, taşıyanı korkunç bir güçle doldurur."
"Product./Game/Item/Equipment/DemonSet/DA_DemonLeggings.DA_DemonLeggings.Name","악마 각반","Demon Leggings","デーモン・レギンス","恶魔护腿","Grebas Demoníacas","Демонические поножи","Perneiras Demoníacas","Dämonenbeinschienen","Jambières démoniaques","Demoniczne Nogawice","惡魔護腿","İblis Tozlukları"
"Product./Game/Item/Equipment/DemonSet/DA_DemonLeggings.DA_DemonLeggings.Description","심연에서 벼려진 각반으로, 지하세계의 분노가 메아리칩니다.","Forged in the abyss, they echoed with the wrath of the underworld.","奈落で鍛えられ、冥界の怒りを響かせます。","锻造于深渊，回响着冥界的愤怒。","Forjadas en el abismo, resuenan con la ira del inframundo.","Выкованные в бездне, они отзываются гневом преисподней.","Forjadas no abismo, ecoam a ira do submundo.","Im Abgrund geschmiedet, hallen sie vom Zorn der Unterwelt wider.","Forgées dans l’abîme, elles résonnent de la colère des enfers.","Wykute w otchłani, rozbrzmiewają gniewem podziemi.","鍛造於深淵，迴響著冥界的憤怒。","Uçurumda dövülen bu tozluklar, yeraltı dünyasının öfkesini yankılar."
"Product./Game/Item/Equipment/HeroSet/DA_HeroBoots.DA_HeroBoots.Name","영웅의 부츠","Hero’s Boots","英雄のブーツ","英雄之靴","Botas del Héroe","Сапоги героя","Botas do Herói","Heldenstiefel","Bottes du Héros","Buty Bohatera","英雄之靴","Kahramanın Botları"
"Product./Game/Item/Equipment/HeroSet/DA_HeroBoots.DA_HeroBoots.Description","운명의 행군이 새겨진 부츠로, 정의로운 사명을 향해 굳은 결의로 전진하게 합니다.","Marked by the march of destiny, they drive the wearer forward with determination toward their righteous cause.","運命の行軍の跡が刻まれ、正しき使命へ向かう持ち主を強い決意で前進させます。","铭刻着命运的征途，以坚定意志推动佩戴者奔向正义的使命。","Marcadas por la marcha del destino, impulsan al portador con determinación hacia su justa causa.","Отмеченные маршем судьбы, они ведут владельца вперёд с решимостью к его праведной цели.","Marcadas pela marcha do destino, impulsionam o portador com determinação rumo à sua causa justa.","Vom Marsch des Schicksals gezeichnet, treiben sie den Träger entschlossen seinem gerechten Ziel entgegen.","Marquées par la marche du destin, elles poussent leur porteur avec détermination vers sa juste cause.","Naznaczone marszem przeznaczenia, prowadzą właściciela z determinacją ku jego słusznej sprawie.","銘刻著命運的征途，以堅定意志推動佩戴者奔向正義的使命。","Kader yürüyüşünün izlerini taşıyan bu botlar, taşıyanı haklı amacı uğruna kararlılıkla ileri götürür."
"Product./Game/Item/Equipment/HeroSet/DA_HeroChestplate.DA_HeroChestplate.Name","영웅의 흉갑","Hero’s Chestplate","英雄のチェストプレート","英雄胸甲","Coraza del Héroe","Нагрудник героя","Peitoral do Herói","Heldenbrustplatte","Plastron du Héros","Napierśnik Bohatera","英雄胸甲","Kahramanın Göğüslüğü"
"Product./Game/Item/Equipment/HeroSet/DA_HeroChestplate.DA_HeroChestplate.Description","수많은 시련 속에서 벼려진 흉갑으로, 불굴의 용기로 착용자를 지켜 줍니다.","Forged through countless trials, it embodies resilience and protects the bearer with unwavering valor.","数々の試練で鍛えられ、不屈の勇気で持ち主を守ります。","历经无数试炼锻造而成，以不屈的勇气守护佩戴者。","Forjada a través de incontables pruebas, encarna la resistencia y protege al portador con valor inquebrantable.","Выкованный бесчисленными испытаниями, он воплощает стойкость и защищает владельца непоколебимой доблестью.","Forjado em inúmeras provações, representa resiliência e protege o portador com bravura inabalável.","Durch zahllose Prüfungen geschmiedet, verkörpert sie Widerstandskraft und schützt den Träger mit unerschütterlicher Tapferkeit.","Forgé au fil d’innombrables épreuves, il incarne la résilience et protège son porteur avec une vaillance inébranlable.","Wykuty w niezliczonych próbach, ucieleśnia odporność i chroni właściciela niezachwianym męstwem.","歷經無數試煉鍛造而成，以不屈的勇氣守護佩戴者。","Sayısız sınavda dövülen bu zırh, dayanıklılığı simgeler ve taşıyanı sarsılmaz cesaretle korur."
"Product./Game/Item/Equipment/HeroSet/DA_HeroHelmet.DA_HeroHelmet.Name","영웅의 투구","Hero’s Helmet","英雄のヘルメット","英雄头盔","Casco del Héroe","Шлем героя","Elmo do Herói","Heldenhelm","Casque du Héros","Hełm Bohatera","英雄頭盔","Kahramanın Miğferi"
"Product./Game/Item/Equipment/HeroSet/DA_HeroHelmet.DA_HeroHelmet.Description","절망적인 전투에서 쓰이던 투구로, 영웅의 뜻을 잇는 자에게 명료함과 용기를 줍니다.","Once worn in a desperate battle, it grants clarity and courage to those who carry the hero’s will.","絶望的な戦いで使われ、英雄の意志を継ぐ者に明晰さと勇気を与えます。","曾用于绝境之战，赋予继承英雄意志之人清醒与勇气。","Usado en una batalla desesperada, concede claridad y valor a quien hereda la voluntad del héroe.","Когда-то надетый в отчаянной битве, он дарует ясность и мужество тем, кто несёт волю героя.","Usado certa vez em uma batalha desesperada, concede clareza e coragem a quem carrega a vontade do herói.","Einst in einer verzweifelten Schlacht getragen, schenkt er jenen Klarheit und Mut, die den Willen des Helden weitertragen.","Autrefois porté lors d’une bataille désespérée, il accorde clarté et courage à ceux qui portent la volonté du héros.","Niegdyś noszony w desperackiej bitwie, obdarza jasnością umysłu i odwagą tych, którzy niosą wolę bohatera.","曾用於絕境之戰，賦予繼承英雄意志之人清醒與勇氣。","Bir zamanlar umutsuz bir savaşta takılan bu miğfer, kahramanın iradesini taşıyanlara berraklık ve cesaret verir."
"Product./Game/Item/Equipment/HeroSet/DA_HeroLeggings.DA_HeroLeggings.Name","영웅의 각반","Hero’s Leggings","英雄のレギンス","英雄护腿","Grebas del Héroe","Поножи героя","Perneiras do Herói","Heldenbeinschienen","Jambières du Héros","Nogawice Bohatera","英雄護腿","Kahramanın Tozlukları"
"Product./Game/Item/Equipment/HeroSet/DA_HeroLeggings.DA_HeroLeggings.Description","긴 여정을 함께한 각반으로, 영웅의 길을 걷는 모든 걸음에 민첩함과 힘을 더합니다.","Carried through long journeys, they support swift movement and strength in every step of the hero’s path.","長い旅を越え、英雄の道を歩む一歩一歩に俊敏さと力を与えます。","伴随漫长旅途，为英雄之路上的每一步增添迅捷与力量。","Tras largos viajes, aportan velocidad y fuerza a cada paso del camino del héroe.","Пронесённые через долгие путешествия, они придают быстроту и силу каждому шагу на пути героя.","Levadas por longas jornadas, dão agilidade e força a cada passo do caminho do herói.","Durch lange Reisen getragen, verleihen sie jedem Schritt auf dem Weg des Helden Schnelligkeit und Kraft.","Portées au fil de longs voyages, elles donnent vitesse et force à chaque pas sur la voie du héros.","Przebyły długie podróże i dodają szybkości oraz siły każdemu krokowi na drodze bohatera.","伴隨漫長旅途，為英雄之路上的每一步增添迅捷與力量。","Uzun yolculuklarda kullanılan bu tozluklar, kahramanın yolundaki her adıma hız ve güç katar."
"Product./Game/Item/Equipment/HolySet/DA_HolyBoots.DA_HolyBoots.Name","성스러운 부츠","Holy Boots","ホーリー・ブーツ","神圣之靴","Botas Sagradas","Святые сапоги","Botas Sagradas","Heilige Stiefel","Bottes sacrées","Święte Buty","神聖之靴","Kutsal Botlar"
"Product./Game/Item/Equipment/HolySet/DA_HolyBoots.DA_HolyBoots.Description","걸음마다 빛을 퍼뜨려 정의의 길을 밝혀 줍니다.","Each step spread light, guiding the path of righteousness.","一歩ごとに光を広げ、正義の道を照らします。","每一步都散发光芒，照亮正义之路。","Cada paso extiende luz y guía por el camino de la rectitud.","Каждый шаг распространяет свет и указывает путь праведности.","Cada passo espalha luz e guia pelo caminho da retidão.","Jeder Schritt verbreitet Licht und weist den Weg der Rechtschaffenheit.","Chaque pas répand la lumière et guide sur le chemin de la droiture.","Każdy krok rozsiewa światło i wskazuje drogę prawości.","每一步都散發光芒，照亮正義之路。","Her adım ışık saçar ve doğruluğun yolunu aydınlatır."
"Product./Game/Item/Equipment/HolySet/DA_HolyChestplate.DA_HolyChestplate.Name","성스러운 흉갑","Holy Chestplate","ホーリー・チェストプレート","神圣胸甲","Coraza Sagrada","Святой нагрудник","Peitoral Sagrado","Heilige Brustplatte","Plastron sacré","Święty Napierśnik","神聖胸甲","Kutsal Göğüslük"
"Product./Game/Item/Equipment/HolySet/DA_HolyChestplate.DA_HolyChestplate.Description","전장에서 아군을 지켜 왔으며, 흔들리지 않는 신앙의 빛을 발합니다.","It shielded allies in battle, radiating unwavering faith.","戦場で仲間を守り、揺るぎない信仰の光を放ちます。","曾在战场上保护盟友，散发着坚定信仰的光辉。","Ha protegido aliados en batalla y emana una fe inquebrantable.","Он защищал союзников в бою, излучая непоколебимую веру.","Protegeu aliados em batalha, irradiando uma fé inabalável.","Sie schützte Verbündete im Kampf und strahlt unerschütterlichen Glauben aus.","Il a protégé des alliés au combat, rayonnant d’une foi inébranlable.","Chronił sojuszników w walce, promieniując niezachwianą wiarą.","曾在戰場上保護盟友，散發著堅定信仰的光輝。","Savaşta müttefikleri korudu ve sarsılmaz bir inanç yaydı."
"Product./Game/Item/Equipment/HolySet/DA_HolyHelmet.DA_HolyHelmet.Name","성스러운 투구","Holy Helmet","ホーリー・ヘルメット","神圣头盔","Casco Sagrado","Святой шлем","Elmo Sagrado","Heiliger Helm","Casque sacré","Święty Hełm","神聖頭盔","Kutsal Miğfer"
"Product./Game/Item/Equipment/HolySet/DA_HolyHelmet.DA_HolyHelmet.Description","성스러운 의식에서 축복받은 투구로, 착용자에게 신성한 통찰을 줍니다.","Blessed in sacred rites, it filled the bearer with divine clarity.","聖なる儀式で祝福され、持ち主に神聖な明晰さを与えます。","在神圣仪式中受过祝福，赋予佩戴者神圣的清明。","Bendecido en ritos sagrados, llena al portador de claridad divina.","Благословлённый в священных обрядах, он дарует владельцу божественную ясность.","Abençoado em ritos sagrados, concede ao portador clareza divina.","In heiligen Riten gesegnet, erfüllt er den Träger mit göttlicher Klarheit.","Béni lors de rites sacrés, il accorde à son porteur une clarté divine.","Pobłogosławiony podczas świętych rytuałów, obdarza właściciela boską jasnością.","在神聖儀式中受過祝福，賦予佩戴者神聖的清明。","Kutsal ayinlerde kutsanan bu miğfer, taşıyana ilahi bir berraklık verir."
"Product./Game/Item/Equipment/HolySet/DA_HolyLeggings.DA_HolyLeggings.Name","성스러운 각반","Holy Leggings","ホーリー・レギンス","神圣护腿","Grebas Sagradas","Святые поножи","Perneiras Sagradas","Heilige Beinschienen","Jambières sacrées","Święte Nogawice","神聖護腿","Kutsal Tozluklar"
"Product./Game/Item/Equipment/HolySet/DA_HolyLeggings.DA_HolyLeggings.Description","순례의 길을 지나며 헌신에서 비롯된 힘을 품었습니다.","Through pilgrimages, they carried the strength of devotion.","巡礼の道を越え、献身の力を宿しています。","历经朝圣之路，承载着奉献所带来的力量。","Tras largas peregrinaciones, conservan la fuerza de la devoción.","Пройдя долгие паломничества, они хранят силу преданности.","Após longas peregrinações, carregam a força da devoção.","Nach langen Pilgerreisen tragen sie die Kraft der Hingabe in sich.","Après de longs pèlerinages, elles conservent la force de la dévotion.","Po długich pielgrzymkach przechowują siłę oddania.","歷經朝聖之路，承載著奉獻所帶來的力量。","Uzun hac yolculuklarından sonra adanmışlığın gücünü taşırlar."
"Product./Game/Item/Equipment/HornSet/DA_HornBoots.DA_HornBoots.Name","혼 부츠","Horn Boots","ホーン・ブーツ","战角之靴","Botas del Cuerno","Сапоги Рога","Botas do Chifre","Hornstiefel","Bottes de la Corne","Buty Rogu","戰角之靴","Boynuz Botları"
"Product./Game/Item/Equipment/HornSet/DA_HornBoots.DA_HornBoots.Description","걸음마다 저항의 천둥이 울려 전장을 뒤흔듭니다.","Each step thundered with defiance, shaking the battlefield.","一歩ごとに反逆の轟音を響かせ、戦場を揺らします。","每一步都发出反抗的轰鸣，震动整个战场。","Cada paso retumba con desafío y hace temblar el campo de batalla.","Каждый шаг гремит вызовом и сотрясает поле боя.","Cada passo troveja com desafio e faz o campo de batalha tremer.","Jeder Schritt donnert trotzig und lässt das Schlachtfeld erzittern.","Chaque pas tonne de défi et fait trembler le champ de bataille.","Każdy krok grzmi wyzwaniem i wstrząsa polem bitwy.","每一步都發出反抗的轟鳴，震動整個戰場。","Her adım meydan okurcasına gürler ve savaş alanını sarsar."
"Product./Game/Item/Equipment/HornSet/DA_HornChestplate.DA_HornChestplate.Name","혼 흉갑","Horn Chestplate","ホーン・チェストプレート","战角胸甲","Coraza del Cuerno","Нагрудник Рога","Peitoral do Chifre","Hornbrustplatte","Plastron de la Corne","Napierśnik Rogu","戰角胸甲","Boynuz Göğüslüğü"
"Product./Game/Item/Equipment/HornSet/DA_HornChestplate.DA_HornChestplate.Description","잔혹한 타격을 견뎌 내며 전사의 강인함을 메아리칩니다.","It endured brutal strikes, echoing the strength of its warrior.","苛烈な攻撃を耐え抜き、戦士の強さを響かせます。","承受凶猛打击，回响着战士的强韧。","Resiste golpes brutales y hace eco de la fuerza de su guerrero.","Он выдерживает жестокие удары и отзывается силой своего воина.","Suporta golpes brutais e ecoa a força de seu guerreiro.","Sie hält brutalen Treffern stand und hallt von der Stärke ihres Kriegers wider.","Il résiste aux coups brutaux et résonne de la force de son guerrier.","Wytrzymuje brutalne ciosy i rozbrzmiewa siłą swojego wojownika.","承受凶猛打擊，迴響著戰士的強韌。","Acımasız darbelere dayanır ve savaşçısının gücünü yankılar."
"Product./Game/Item/Equipment/HornSet/DA_HornHelmet.DA_HornHelmet.Name","혼 투구","Horn Helmet","ホーン・ヘルメット","战角头盔","Casco del Cuerno","Шлем Рога","Elmo do Chifre","Hornhelm","Casque de la Corne","Hełm Rogu","戰角頭盔","Boynuz Miğferi"
"Product./Game/Item/Equipment/HornSet/DA_HornHelmet.DA_HornHelmet.Description","격렬한 충돌 속에서 쓰이던 투구로, 착용자에게 멈출 수 없는 결의를 줍니다.","Once worn in a fierce clash, it granted the bearer unstoppable resolve.","激しい衝突の中で使われ、持ち主に止められない決意を与えます。","曾用于激烈冲突，赋予佩戴者不可阻挡的决心。","Usado en choques feroces, concede al portador una determinación imparable.","Когда-то надетый в яростной схватке, он дарует владельцу неудержимую решимость.","Usado em confrontos ferozes, concede ao portador uma determinação imparável.","Einst in einem heftigen Zusammenstoß getragen, verleiht er dem Träger unaufhaltsame Entschlossenheit.","Autrefois porté dans un affrontement féroce, il accorde à son porteur une détermination imparable.","Niegdyś noszony w zaciekłym starciu, daje właścicielowi niepowstrzymaną determinację.","曾用於激烈衝突，賦予佩戴者不可阻擋的決心。","Bir zamanlar çetin bir çarpışmada takılan bu miğfer, taşıyana durdurulamaz bir kararlılık verir."
"Product./Game/Item/Equipment/HornSet/DA_HornLeggings.DA_HornLeggings.Name","혼 각반","Horn Leggings","ホーン・レギンス","战角护腿","Grebas del Cuerno","Поножи Рога","Perneiras do Chifre","Hornbeinschienen","Jambières de la Corne","Nogawice Rogu","戰角護腿","Boynuz Tozlukları"
"Product./Game/Item/Equipment/HornSet/DA_HornLeggings.DA_HornLeggings.Description","끝없는 행군을 거치며 전사를 끈질긴 힘으로 지탱했습니다.","Through relentless marches, they carried the fighter with resilience.","絶え間ない行軍を越え、戦士を粘り強く支えます。","经历无休止的行军，以坚韧支撑战士前进。","Tras marchas incansables, sostienen al luchador con gran resistencia.","После бесконечных маршей они поддерживают бойца несгибаемой стойкостью.","Após marchas incansáveis, sustentam o combatente com grande resistência.","Nach unermüdlichen Märschen tragen sie den Kämpfer mit zäher Widerstandskraft.","Après d’inlassables marches, elles soutiennent le combattant avec ténacité.","Po nieustannych marszach podtrzymują wojownika niezłomną wytrzymałością.","經歷無休止的行軍，以堅韌支撐戰士前進。","Bitmek bilmeyen yürüyüşlerden sonra savaşçıyı dirençle ayakta tutar."
"Product./Game/Item/Equipment/IronSet/DA_IronBoots.DA_IronBoots.Name","아이언 부츠","Iron Boots","アイアン・ブーツ","铁制战靴","Botas de Hierro","Железные сапоги","Botas de Ferro","Eisenstiefel","Bottes de fer","Żelazne Buty","鐵製戰靴","Demir Botlar"
"Product./Game/Item/Equipment/IronSet/DA_IronBoots.DA_IronBoots.Description","강철의 무게를 견디며 전사를 앞으로 나아가게 합니다.","They carried the fighter forward, enduring the burden of steel.","鋼の重さに耐えながら、戦士を前へと運びます。","承受钢铁的重量，推动战士继续前进。","Llevan al guerrero hacia delante mientras soportan el peso del acero.","Они несут бойца вперёд, выдерживая тяжесть стали.","Carregam o guerreiro adiante enquanto suportam o peso do aço.","Sie tragen den Kämpfer voran und halten der Last des Stahls stand.","Elles portent le guerrier en avant tout en supportant le poids de l’acier.","Niosą wojownika naprzód, wytrzymując ciężar stali.","承受鋼鐵的重量，推動戰士繼續前進。","Çeliğin ağırlığına dayanırken savaşçıyı ileri taşır."
"Product./Game/Item/Equipment/IronSet/DA_IronChestplate.DA_IronChestplate.Name","아이언 흉갑","Iron Chestplate","アイアン・チェストプレート","铁制胸甲","Coraza de Hierro","Железный нагрудник","Peitoral de Ferro","Eisenbrustplatte","Plastron de fer","Żelazny Napierśnik","鐵製胸甲","Demir Göğüslük"
"Product./Game/Item/Equipment/IronSet/DA_IronChestplate.DA_IronChestplate.Description","시련 속에서 벼려진 흉갑으로, 짓누르는 공격에도 굳건히 버텼습니다.","Forged in trials, it stood firm against crushing blows.","試練の中で鍛えられ、押し潰すような一撃にも揺らぎません。","在试炼中锻造，即使面对沉重打击也屹立不倒。","Forjada en duras pruebas, permanece firme ante golpes devastadores.","Выкованный испытаниями, он остаётся твёрдым под сокрушительными ударами.","Forjado em provações, permanece firme diante de golpes esmagadores.","In Prüfungen geschmiedet, bleibt sie selbst unter vernichtenden Schlägen standhaft.","Forgé dans l’épreuve, il reste ferme face aux coups écrasants.","Wykuty w próbach, pozostaje niewzruszony wobec miażdżących ciosów.","在試煉中鍛造，即使面對沉重打擊也屹立不倒。","Sınavlarda dövülen bu zırh, ezici darbelere karşı dimdik kalır."
"Product./Game/Item/Equipment/IronSet/DA_IronHelmet.DA_IronHelmet.Name","아이언 투구","Iron Helmet","アイアン・ヘルメット","铁制头盔","Casco de Hierro","Железный шлем","Elmo de Ferro","Eisenhelm","Casque de fer","Żelazny Hełm","鐵製頭盔","Demir Miğfer"
"Product./Game/Item/Equipment/IronSet/DA_IronHelmet.DA_IronHelmet.Description","수많은 결투를 거치며 착용자에게 흔들리지 않는 결의를 줬습니다.","In countless duels, it granted steadfast resolve to its wearer.","幾多の決闘を越え、持ち主に揺るぎない決意を与えます。","历经无数决斗，赋予佩戴者坚定不移的意志。","Tras incontables duelos, concede al portador una determinación constante.","В бесчисленных дуэлях он даровал владельцу стойкую решимость.","Em inúmeros duelos, concedeu ao portador uma determinação constante.","In zahllosen Duellen verlieh er seinem Träger unbeirrbare Entschlossenheit.","Au fil d’innombrables duels, il accorde à son porteur une détermination inébranlable.","W niezliczonych pojedynkach dawał właścicielowi niezłomną determinację.","歷經無數決鬥，賦予佩戴者堅定不移的意志。","Sayısız düelloda taşıyana sarsılmaz bir kararlılık verdi."
"Product./Game/Item/Equipment/IronSet/DA_IronLeggings.DA_IronLeggings.Name","아이언 각반","Iron Leggings","アイアン・レギンス","铁制护腿","Grebas de Hierro","Железные поножи","Perneiras de Ferro","Eisenbeinschienen","Jambières de fer","Żelazne Nogawice","鐵製護腿","Demir Tozluklar"
"Product./Game/Item/Equipment/IronSet/DA_IronLeggings.DA_IronLeggings.Description","전장에서는 무겁지만, 전사가 힘 있게 버틸 수 있도록 중심을 잡아 줍니다.","Heavy in battle, they grounded the warrior with strength.","重い装備ながら、戦士の足元を力強く安定させます。","虽沉重，却能让战士在战场上稳稳立足。","Pesadas en combate, afianzan al guerrero con fuerza.","Тяжёлые в бою, они придают воину устойчивость и силу.","Pesadas em combate, firmam o guerreiro com força.","Schwer im Kampf, geben sie dem Krieger festen Halt und Kraft.","Lourdes au combat, elles ancrent le guerrier avec force.","Ciężkie w walce, zapewniają wojownikowi mocne oparcie i siłę.","雖沉重，卻能讓戰士在戰場上穩穩立足。","Savaşta ağırdır ama savaşçıya sağlam duruş ve güç kazandırır."
"Product./Game/Item/Equipment/LoyalSet/DA_LoyalBoots.DA_LoyalBoots.Name","왕실 부츠","Royal Boots","ロイヤル・ブーツ","王室战靴","Botas Reales","Королевские сапоги","Botas Reais","Königliche Stiefel","Bottes royales","Królewskie Buty","王室戰靴","Kraliyet Botları"
"Product./Game/Item/Equipment/LoyalSet/DA_LoyalBoots.DA_LoyalBoots.Description","걸음마다 지배자의 위엄을 새기며 왕권의 힘으로 전진합니다.","Each step marked dominion, advancing with regal power.","一歩ごとに支配の威厳を刻み、王者の力で前進します。","每一步都彰显统御之威，以王者之力向前推进。","Cada paso marca dominio y avanza con poder regio.","Каждый шаг утверждает власть и ведёт вперёд с королевской мощью.","Cada passo marca domínio e avança com poder régio.","Jeder Schritt verkündet Herrschaft und schreitet mit königlicher Macht voran.","Chaque pas affirme la domination et avance avec une puissance royale.","Każdy krok oznacza panowanie i niesie naprzód królewską moc.","每一步都彰顯統御之威，以王者之力向前推進。","Her adım hâkimiyeti gösterir ve kraliyet kudretiyle ilerler."
"Product./Game/Item/Equipment/LoyalSet/DA_LoyalChestplate.DA_LoyalChestplate.Name","왕실 흉갑","Royal Chestplate","ロイヤル・チェストプレート","王室胸甲","Coraza Real","Королевский нагрудник","Peitoral Real","Königliche Brustplatte","Plastron royal","Królewski Napierśnik","王室胸甲","Kraliyet Göğüslüğü"
"Product./Game/Item/Equipment/LoyalSet/DA_LoyalChestplate.DA_LoyalChestplate.Description","전장에서 통치자를 지켜 왔으며, 권위와 명예를 상징합니다.","It protected rulers in battle, embodying authority and honor.","戦場で統治者を守り、権威と名誉を体現します。","曾在战场上保护统治者，象征权威与荣誉。","Ha protegido gobernantes en batalla y encarna autoridad y honor.","Он защищал правителей в бою, воплощая власть и честь.","Protegeu governantes em batalha, representando autoridade e honra.","Sie schützte Herrscher im Kampf und verkörpert Autorität und Ehre.","Il a protégé des souverains au combat, incarnant autorité et honneur.","Chronił władców w bitwie, ucieleśniając autorytet i honor.","曾在戰場上保護統治者，象徵權威與榮譽。","Savaşta hükümdarları korudu; otorite ve onuru simgeler."
"Product./Game/Item/Equipment/LoyalSet/DA_LoyalHelmet.DA_LoyalHelmet.Name","왕실 투구","Royal Helmet","ロイヤル・ヘルメット","王室头盔","Casco Real","Королевский шлем","Elmo Real","Königlicher Helm","Casque royal","Królewski Hełm","王室頭盔","Kraliyet Miğferi"
"Product./Game/Item/Equipment/LoyalSet/DA_LoyalHelmet.DA_LoyalHelmet.Description","대관식에서 쓰이던 투구로, 지휘의 무게를 품고 있습니다.","Once worn in coronation, it carried the weight of command.","戴冠式で用いられ、指揮する者の重責を宿しています。","曾用于加冕仪式，承载着统帅的重任。","Usado antaño en una coronación, carga con el peso del mando.","Когда-то использовавшийся при коронации, он несёт тяжесть командования.","Usado certa vez em uma coroação, carrega o peso do comando.","Einst bei einer Krönung getragen, trägt er das Gewicht des Befehls.","Autrefois porté lors d’un couronnement, il porte le poids du commandement.","Niegdyś noszony podczas koronacji, niesie ciężar dowodzenia.","曾用於加冕儀式，承載著統帥的重任。","Bir zamanlar taç giyme töreninde takılan bu miğfer, komutanlığın ağırlığını taşır."
"Product./Game/Item/Equipment/LoyalSet/DA_LoyalLeggings.DA_LoyalLeggings.Name","왕실 각반","Royal Leggings","ロイヤル・レギンス","王室护腿","Grebas Reales","Королевские поножи","Perneiras Reais","Königliche Beinschienen","Jambières royales","Królewskie Nogawice","王室護腿","Kraliyet Tozlukları"
"Product./Game/Item/Equipment/LoyalSet/DA_LoyalLeggings.DA_LoyalLeggings.Description","왕의 발걸음을 받쳐 주며 흔들림 없이 굳건히 나아갑니다.","They bore the stride of kings, steady and unyielding.","王の歩みを支え、揺るぎなく前へ進みます。","支撑王者的步伐，沉稳而毫不动摇。","Sostienen el paso de los reyes, firme e inquebrantable.","Они поддерживают поступь королей — твёрдую и непоколебимую.","Sustentam o passo dos reis, firme e inabalável.","Sie tragen den Schritt von Königen, fest und unbeugsam.","Elles portent la démarche des rois, ferme et inflexible.","Niosą krok królów, pewny i niezachwiany.","支撐王者的步伐，沉穩而毫不動搖。","Kralların adımlarını taşır; sağlam ve sarsılmazdır."
"Product./Game/Item/Equipment/RogueSet/DA_RogueBoots.DA_RogueBoots.Name","도적 부츠","Rogue Boots","ローグ・ブーツ","盗贼靴","Botas de Pícaro","Сапоги разбойника","Botas de Ladino","Schurkenstiefel","Bottes de Voleur","Buty Łotrzyka","盜賊靴","Haydut Botları"
"Product./Game/Item/Equipment/RogueSet/DA_RogueBoots.DA_RogueBoots.Description","발걸음이 침묵 속으로 사라져 아무 흔적도 남기지 않습니다.","Each step vanished into silence, leaving no trace behind.","一歩ごとに静寂へ溶け、痕跡を残しません。","每一步都消失在寂静之中，不留下任何痕迹。","Cada paso se desvanece en el silencio sin dejar rastro.","Каждый шаг растворяется в тишине, не оставляя следов.","Cada passo desaparece no silêncio sem deixar rastros.","Jeder Schritt verschwindet lautlos und hinterlässt keine Spur.","Chaque pas disparaît dans le silence sans laisser de trace.","Każdy krok znika w ciszy, nie pozostawiając śladu.","每一步都消失在寂靜之中，不留下任何痕跡。","Her adım sessizlikte kaybolur ve geride hiçbir iz bırakmaz."
"Product./Game/Item/Equipment/RogueSet/DA_RogueChestplate.DA_RogueChestplate.Name","도적 흉갑","Rogue Chestplate","ローグ・チェストプレート","盗贼胸甲","Coraza de Pícaro","Нагрудник разбойника","Peitoral de Ladino","Schurkenbrustplatte","Plastron de Voleur","Napierśnik Łotrzyka","盜賊胸甲","Haydut Göğüslüğü"
"Product./Game/Item/Equipment/RogueSet/DA_RogueChestplate.DA_RogueChestplate.Description","근접한 위기를 견디며 빠른 탈출을 돕습니다.","It endured close encounters, aiding swift escapes.","至近距離の危機に耐え、素早い離脱を助けます。","能承受近身险境，并帮助佩戴者迅速脱身。","Resiste encuentros cercanos y facilita huidas rápidas.","Он выдерживает опасность ближнего боя и помогает быстро скрыться.","Resiste a confrontos próximos e ajuda em fugas rápidas.","Sie hält gefährlichen Nahkämpfen stand und hilft bei schnellen Fluchten.","Il résiste aux affrontements rapprochés et facilite les retraites rapides.","Wytrzymuje walkę z bliska i pomaga w szybkiej ucieczce.","能承受近身險境，並幫助佩戴者迅速脫身。","Yakın çatışmalara dayanır ve hızlı kaçışlara yardımcı olur."
"Product./Game/Item/Equipment/RogueSet/DA_RogueHelmet.DA_RogueHelmet.Name","왕실 투구","Royal Helmet","ロイヤル・ヘルメット","王室头盔","Casco Real","Королевский шлем","Elmo Real","Königlicher Helm","Casque royal","Królewski Hełm","王室頭盔","Kraliyet Miğferi"
"Product./Game/Item/Equipment/RogueSet/DA_RogueHelmet.DA_RogueHelmet.Description","그림자 속 습격에 사용되던 투구로, 착용자의 의도를 감춰 줍니다.","Used in shadowed raids, it concealed the bearer’s intent.","影の襲撃で使われ、持ち主の意図を隠しました。","曾用于暗影突袭，隐藏了佩戴者真正的意图。","Usado en incursiones desde las sombras, ocultaba las intenciones de su portador.","Использовавшийся в теневых налётах, он скрывал намерения владельца.","Usado em ataques pelas sombras, ocultava as intenções do portador.","Bei Überfällen aus den Schatten getragen, verbarg er die Absichten des Trägers.","Utilisé lors de raids dans l’ombre, il dissimulait les intentions de son porteur.","Używany podczas napadów z cienia, ukrywał zamiary właściciela.","曾用於暗影突襲，隱藏了佩戴者真正的意圖。","Gölgelerde yapılan baskınlarda kullanılan bu miğfer, taşıyanın niyetini gizlerdi."
"Product./Game/Item/Equipment/RogueSet/DA_RogueLeggings.DA_RogueLeggings.Name","도적 각반","Rogue Leggings","ローグ・レギンス","盗贼护腿","Grebas de Pícaro","Поножи разбойника","Perneiras de Ladino","Schurkenbeinschienen","Jambières de Voleur","Nogawice Łotrzyka","盜賊護腿","Haydut Tozlukları"
"Product./Game/Item/Equipment/RogueSet/DA_RogueLeggings.DA_RogueLeggings.Description","골목과 숨겨진 길을 따라 도적을 재빠르게 이동시킵니다.","They carried the rogue through alleys and hidden paths.","路地や隠された道を抜け、ローグの移動を支えます。","让盗贼迅速穿过小巷与隐秘路径。","Llevan al pícaro por callejones y senderos ocultos.","Они проводят разбойника через переулки и скрытые тропы.","Levam o ladino por vielas e caminhos ocultos.","Sie tragen den Schurken durch Gassen und verborgene Pfade.","Elles portent le voleur à travers ruelles et passages cachés.","Prowadzą łotrzyka przez zaułki i ukryte ścieżki.","讓盜賊迅速穿過小巷與隱秘路徑。","Haydudu dar sokaklardan ve gizli yollardan geçirir."
"Product./Game/Item/Equipment/SoldierSet/DA_SoldierBoots.DA_SoldierBoots.Name","병사 부츠","Soldier Boots","ソルジャー・ブーツ","士兵战靴","Botas de Soldado","Сапоги солдата","Botas de Soldado","Soldatenstiefel","Bottes de Soldat","Buty Żołnierza","士兵戰靴","Asker Botları"
"Product./Game/Item/Equipment/SoldierSet/DA_SoldierBoots.DA_SoldierBoots.Description","걸음마다 충성심이 울려 퍼지며 망설임 없이 전진합니다.","Each step echoed loyalty, advancing without hesitation.","一歩ごとに忠誠を響かせ、ためらうことなく前進します。","每一步都回响着忠诚，毫不犹豫地向前推进。","Cada paso hace eco de la lealtad y avanza sin vacilar.","Каждый шаг отзывается верностью и ведёт вперёд без колебаний.","Cada passo ecoa lealdade e avança sem hesitação.","Jeder Schritt hallt von Loyalität wider und schreitet ohne Zögern voran.","Chaque pas résonne de loyauté et avance sans hésitation.","Każdy krok rozbrzmiewa lojalnością i prowadzi naprzód bez wahania.","每一步都迴響著忠誠，毫不猶豫地向前推進。","Her adım sadakati yankılar ve tereddüt etmeden ileri gider."
"Product./Game/Item/Equipment/SoldierSet/DA_SoldierChestplate.DA_SoldierChestplate.Name","병사 흉갑","Soldier Chestplate","ソルジャー・チェストプレート","士兵胸甲","Coraza de Soldado","Нагрудник солдата","Peitoral de Soldado","Soldatenbrustplatte","Plastron de Soldat","Napierśnik Żołnierza","士兵胸甲","Asker Göğüslüğü"
"Product./Game/Item/Equipment/SoldierSet/DA_SoldierChestplate.DA_SoldierChestplate.Description","수많은 전역의 흔적을 품고 있으며, 의무에 충실한 힘으로 착용자를 지킵니다.","It bore the marks of campaigns, protecting with duty-bound strength.","数々の戦役の傷を刻み、義務に根ざした強さで持ち主を守ります。","留下无数战役的痕迹，以恪尽职守的力量保护佩戴者。","Lleva las marcas de muchas campañas y protege con la fuerza del deber.","Он хранит следы многих кампаний и защищает силой долга.","Carrega as marcas de muitas campanhas e protege com a força do dever.","Sie trägt die Spuren vieler Feldzüge und schützt mit pflichtbewusster Stärke.","Il porte les marques de nombreuses campagnes et protège avec la force du devoir.","Nosi ślady wielu kampanii i chroni siłą obowiązku.","留下無數戰役的痕跡，以恪盡職守的力量保護佩戴者。","Birçok seferin izlerini taşır ve görev bilincinden gelen güçle korur."
"Product./Game/Item/Equipment/SoldierSet/DA_SoldierHelmet.DA_SoldierHelmet.Name","병사 투구","Soldier Helmet","ソルジャー・ヘルメット","士兵头盔","Casco de Soldado","Шлем солдата","Elmo de Soldado","Soldatenhelm","Casque de Soldat","Hełm Żołnierza","士兵頭盔","Asker Miğferi"
"Product./Game/Item/Equipment/SoldierSet/DA_SoldierHelmet.DA_SoldierHelmet.Description","수없이 많은 훈련을 거친 투구로, 전장에서 규율을 잃지 않게 합니다.","Tested in countless drills, it gave discipline in war.","数え切れない訓練を経て、戦場で規律を保たせます。","经历无数次训练，在战场上给予佩戴者严格的纪律。","Probado en innumerables entrenamientos, mantiene la disciplina en la guerra.","Испытанный бесчисленными тренировками, он поддерживает дисциплину в бою.","Testado em inúmeros treinamentos, mantém a disciplina na guerra.","In zahllosen Übungen erprobt, verleiht er im Krieg Disziplin.","Éprouvé au cours d’innombrables entraînements, il maintient la discipline au combat.","Sprawdzony podczas niezliczonych ćwiczeń, pomaga zachować dyscyplinę na wojnie.","經歷無數次訓練，在戰場上給予佩戴者嚴格的紀律。","Sayısız eğitimde sınanan bu miğfer, savaşta disiplini korur."
"Product./Game/Item/Equipment/SoldierSet/DA_SoldierLeggings.DA_SoldierLeggings.Name","병사 각반","Soldier Leggings","ソルジャー・レギンス","士兵护腿","Grebas de Soldado","Поножи солдата","Perneiras de Soldado","Soldatenbeinschienen","Jambières de Soldat","Nogawice Żołnierza","士兵護腿","Asker Tozlukları"
"Product./Game/Item/Equipment/SoldierSet/DA_SoldierLeggings.DA_SoldierLeggings.Description","긴 행군과 거친 전장을 지나며 병사를 지탱해 왔습니다.","They carried the soldier through long marches and harsh fields.","長い行軍と過酷な戦場を越え、兵士を支えてきました。","陪伴士兵走过漫长行军与严酷战场。","Han acompañado al soldado en largas marchas y campos hostiles.","Они несли солдата через долгие марши и суровые поля сражений.","Levaram o soldado por longas marchas e campos severos.","Sie trugen den Soldaten durch lange Märsche und raue Schlachtfelder.","Elles ont porté le soldat au fil de longues marches et de champs hostiles.","Niosły żołnierza przez długie marsze i surowe pola bitew.","陪伴士兵走過漫長行軍與嚴酷戰場。","Askeri uzun yürüyüşler ve zorlu araziler boyunca taşıdı."
"Product./Game/Item/Equipment/ThornSet/DA_ThornBoots.DA_ThornBoots.Name","가시 부츠","Thorn Boots","ソーン・ブーツ","荆棘战靴","Botas de Espinas","Шипастые сапоги","Botas de Espinhos","Dornenstiefel","Bottes d’Épines","Cierniste Buty","荊棘戰靴","Diken Botları"
"Product./Game/Item/Equipment/ThornSet/DA_ThornBoots.DA_ThornBoots.Description","전투에서 적이 가까이 다가오면 고통을 남깁니다.","In combat, they left enemies suffering when they drew near.","戦いで敵が近づくたびに痛みを残します。","战斗中，靠近的敌人会因其受到痛苦。","En combate, hacen sufrir a los enemigos que se acercan demasiado.","В бою они причиняют боль врагам, которые подходят слишком близко.","Em combate, fazem inimigos próximos sofrerem.","Im Kampf fügen sie Feinden Schmerzen zu, wenn diese zu nahe kommen.","Au combat, elles font souffrir les ennemis qui s’approchent trop près.","W walce zadają cierpienie wrogom, którzy podejdą zbyt blisko.","戰鬥中，靠近的敵人會因其受到痛苦。","Savaşta fazla yaklaşan düşmanlara acı verir."
"Product./Game/Item/Equipment/ThornSet/DA_ThornChestplate.DA_ThornChestplate.Name","가시 흉갑","Thorn Chestplate","ソーン・チェストプレート","荆棘胸甲","Coraza de Espinas","Шипастый нагрудник","Peitoral de Espinhos","Dornenbrustplatte","Plastron d’Épines","Ciernisty Napierśnik","荊棘胸甲","Diken Göğüslüğü"
"Product./Game/Item/Equipment/ThornSet/DA_ThornChestplate.DA_ThornChestplate.Description","수많은 공격을 되받아쳐 공격자에게 상처를 남깁니다.","It turned countless assaults into wounds upon the attacker.","数々の攻撃を攻撃者自身の傷へと変えます。","将无数次袭击化为反伤，令攻击者自身受创。","Convierte numerosos ataques en heridas para el propio agresor.","Он превращает множество атак в раны для самого нападающего.","Transforma inúmeros ataques em feridas no próprio agressor.","Sie verwandelt zahllose Angriffe in Wunden beim Angreifer.","Il transforme de nombreuses attaques en blessures pour l’assaillant.","Zmienia niezliczone ataki w rany zadawane samemu napastnikowi.","將無數次襲擊化為反傷，令攻擊者自身受創。","Sayısız saldırıyı saldırganın kendi yaralarına dönüştürür."
"Product./Game/Item/Equipment/ThornSet/DA_ThornHelmet.DA_ThornHelmet.Name","가시 투구","Thorn Helmet","ソーン・ヘルメット","荆棘头盔","Casco de Espinas","Шипастый шлем","Elmo de Espinhos","Dornenhelm","Casque d’Épines","Ciernisty Hełm","荊棘頭盔","Diken Miğferi"
"Product./Game/Item/Equipment/ThornSet/DA_ThornHelmet.DA_ThornHelmet.Description","전투에서 맞는 모든 공격을 날카로운 고통으로 되돌려 줍니다.","Once in battle, it punished every strike with piercing pain.","受けた一撃ごとに鋭い痛みで報復します。","每次遭受攻击时，都以刺骨的痛楚惩罚攻击者。","Castiga cada golpe recibido con un dolor punzante.","Он отвечает на каждый удар пронзительной болью.","Pune cada golpe recebido com dor perfurante.","Er bestraft jeden Treffer mit stechendem Schmerz.","Il punit chaque coup reçu d’une douleur perçante.","Każdy otrzymany cios odpłaca przeszywającym bólem.","每次遭受攻擊時，都以刺骨的痛楚懲罰攻擊者。","Alınan her darbeyi delici bir acıyla cezalandırır."
"Product./Game/Item/Equipment/ThornSet/DA_ThornLeggings.DA_ThornLeggings.Name","가시 각반","Thorn Leggings","ソーン・レギンス","荆棘护腿","Grebas de Espinas","Шипастые поножи","Perneiras de Espinhos","Dornenbeinschienen","Jambières d’Épines","Cierniste Nogawice","荊棘護腿","Diken Tozlukları"
"Product./Game/Item/Equipment/ThornSet/DA_ThornLeggings.DA_ThornLeggings.Description","험한 길을 지날 때마다 적들에게 두려움을 퍼뜨립니다.","On harsh roads, each step spread fear among foes.","険しい道を進むたび、敵に恐怖を広げます。","踏过艰险道路时，让周围的敌人心生畏惧。","En caminos duros, cada paso siembra miedo entre los enemigos.","На суровых дорогах каждый шаг сеет страх среди врагов.","Em estradas duras, cada passo espalha medo entre os inimigos.","Auf harten Wegen verbreitet jeder Schritt Furcht unter den Feinden.","Sur les routes difficiles, chaque pas répand la peur parmi les ennemis.","Na ciężkich drogach każdy krok sieje strach wśród wrogów.","踏過艱險道路時，讓周圍的敵人心生畏懼。","Zorlu yollarda her adım düşmanların arasına korku salar."
"Product./Game/Item/Equipment/WornSet/DA_WornBoots.DA_WornBoots.Name","낡은 부츠","Worn Boots","使い古したブーツ","磨损战靴","Botas Gastadas","Изношенные сапоги","Botas Gastas","Abgetragene Stiefel","Bottes usées","Zużyte Buty","磨損戰靴","Yıpranmış Botlar"
"Product./Game/Item/Equipment/WornSet/DA_WornBoots.DA_WornBoots.Description","얇고 망가졌지만, 오랜 여정의 무게를 여전히 버텨 냅니다.","Thin and broken, they still bore the weight of long journeys.","薄く壊れかけていますが、長い旅の重みに今も耐えています。","单薄而破旧，却仍承受着漫长旅程的重量。","Delgadas y rotas, todavía soportan el peso de largos viajes.","Тонкие и сломанные, они всё ещё выдерживают тяжесть долгих путешествий.","Finas e quebradas, ainda suportam o peso de longas jornadas.","Dünn und beschädigt tragen sie noch immer die Last langer Reisen.","Fines et abîmées, elles supportent encore le poids de longs voyages.","Cienkie i zniszczone, wciąż wytrzymują ciężar długich podróży.","單薄而破舊，卻仍承受著漫長旅程的重量。","İnce ve kırık olmalarına rağmen uzun yolculukların yükünü hâlâ taşırlar."
"Product./Game/Item/Equipment/WornSet/DA_WornChestplate.DA_WornChestplate.Name","낡은 흉갑","Worn Chestplate","使い古したチェストプレート","磨损胸甲","Coraza Gastada","Изношенный нагрудник","Peitoral Gasto","Abgetragene Brustplatte","Plastron usé","Zużyty Napierśnik","磨損胸甲","Yıpranmış Göğüslük"
"Product./Game/Item/Equipment/WornSet/DA_WornChestplate.DA_WornChestplate.Description","녹슬고 약해졌지만 마지막 격돌까지 견뎌 냈습니다.","Rusty and weak, yet it endured until the final clash.","錆びて弱っていますが、最後の激突まで持ちこたえました。","锈蚀而脆弱，却坚持到了最后一次交锋。","Oxidada y débil, aun así resistió hasta el último enfrentamiento.","Ржавый и слабый, он всё же выдержал до последней схватки.","Enferrujado e fraco, ainda assim resistiu até o confronto final.","Rostig und schwach, hielt sie dennoch bis zum letzten Zusammenstoß durch.","Rouillé et fragile, il a pourtant tenu jusqu’au dernier affrontement.","Zardzewiały i słaby, a jednak wytrzymał do ostatniego starcia.","鏽蝕而脆弱，卻堅持到了最後一次交鋒。","Paslı ve zayıf olmasına rağmen son çarpışmaya kadar dayandı."
"Product./Game/Item/Equipment/WornSet/DA_WornHelmet.DA_WornHelmet.Name","낡은 투구","Worn Helmet","使い古したヘルメット","磨损头盔","Casco Gastado","Изношенный шлем","Elmo Gasto","Abgetragener Helm","Casque usé","Zużyty Hełm","磨損頭盔","Yıpranmış Miğfer"
"Product./Game/Item/Equipment/WornSet/DA_WornHelmet.DA_WornHelmet.Description","전투에서 금이 갔지만 끝까지 착용자를 보호했습니다.","Though cracked in battle, it protected its bearer to the end.","戦いでひび割れても、最後まで持ち主を守りました。","虽在战斗中开裂，却始终保护佩戴者直到最后。","Aunque se agrietó en batalla, protegió a su portador hasta el final.","Потрескавшись в бою, он всё равно защищал владельца до конца.","Mesmo rachado em batalha, protegeu o portador até o fim.","Obwohl er im Kampf Risse bekam, schützte er seinen Träger bis zum Ende.","Bien que fissuré au combat, il a protégé son porteur jusqu’au bout.","Choć pękł w walce, chronił właściciela aż do końca.","雖在戰鬥中開裂，卻始終保護佩戴者直到最後。","Savaşta çatlamış olsa da taşıyanı sonuna kadar korudu."
"Product./Game/Item/Equipment/WornSet/DA_WornLeggings.DA_WornLeggings.Name","낡은 각반","Worn Leggings","使い古したレギンス","磨损护腿","Grebas Gastadas","Изношенные поножи","Perneiras Gastas","Abgetragene Beinschienen","Jambières usées","Zużyte Nogawice","磨損護腿","Yıpranmış Tozluklar"
"Product./Game/Item/Equipment/WornSet/DA_WornLeggings.DA_WornLeggings.Description","세월에 닳고 해졌지만 지친 행군 속에서도 전사를 실어 날랐습니다.","Frayed by time, they carried the warrior through weary marches.","時に擦り切れながらも、疲れ果てた行軍を戦士とともに越えました。","被岁月磨得破旧不堪，却仍陪战士走过疲惫的行军。","Deshilachadas por el tiempo, llevaron al guerrero a través de marchas agotadoras.","Истрёпанные временем, они несли воина через изнурительные марши.","Desfiadas pelo tempo, carregaram o guerreiro por marchas exaustivas.","Von der Zeit ausgefranst, trugen sie den Krieger durch erschöpfende Märsche.","Effilochées par le temps, elles ont porté le guerrier durant des marches épuisantes.","Postrzępione przez czas, niosły wojownika przez wyczerpujące marsze.","被歲月磨得破舊不堪，卻仍陪戰士走過疲憊的行軍。","Zamanla sökülmüş olsa da savaşçıyı yorucu yürüyüşler boyunca taşıdı."
"Product./Game/Item/Weapon/Dagger/DA_LoyalDagger.DA_LoyalDagger.Name","단검","Dagger","ダガー","匕首","Daga","Кинжал","Adaga","Dolch","Dague","Sztylet","匕首","Hançer"
"Product./Game/Item/Weapon/Dagger/DA_LoyalDagger.DA_LoyalDagger.Description","빠른 공격과 근거리 압박에 적합한 민첩한 단검입니다.","A swift dagger built for quick strikes and close-range pressure.","素早い攻撃と近距離での圧力に適した軽快な短剣です。","适合快速出手与近距离压制的轻快匕首。","Una daga ágil pensada para golpes rápidos y presión a corta distancia.","Быстрый кинжал для стремительных ударов и давления на ближней дистанции.","Uma adaga ágil feita para golpes rápidos e pressão a curta distância.","Ein schneller Dolch für rasche Treffer und Druck auf kurze Distanz.","Une dague rapide conçue pour les frappes vives et la pression à courte portée.","Szybki sztylet przeznaczony do błyskawicznych ciosów i presji na krótkim dystansie.","適合快速出手與近距離壓制的輕快匕首。","Hızlı vuruşlar ve yakın mesafe baskısı için tasarlanmış çevik bir hançer."
"Product./Game/Item/Weapon/GoldAxe/DA_GoldAxe.DA_GoldAxe.Name","황금 도끼","Gold Axe","ゴールドアックス","黄金斧","Hacha Dorada","Золотой топор","Machado Dourado","Goldaxt","Hache dorée","Złoty Topór","黃金斧","Altın Balta"
"Product./Game/Item/Weapon/GoldAxe/DA_GoldAxe.DA_GoldAxe.Description","강력한 타격감과 위압적인 존재감을 함께 갖춘 황금 도끼입니다.","A golden axe that combines strong impact with a commanding presence.","強烈な打撃と威圧的な存在感を兼ね備えた黄金の斧です。","兼具强大冲击力与威严气势的黄金战斧。","Un hacha dorada que combina un impacto contundente con una presencia imponente.","Золотой топор, сочетающий мощный удар с внушительным видом.","Um machado dourado que combina impacto forte com presença imponente.","Eine goldene Axt, die starke Wucht mit eindrucksvoller Präsenz verbindet.","Une hache d’or qui combine un impact puissant à une présence imposante.","Złoty topór łączący potężne uderzenie z imponującą prezencją.","兼具強大衝擊力與威嚴氣勢的黃金戰斧。","Güçlü darbeyi heybetli bir görünümle birleştiren altın bir balta."
"Product./Game/Item/Weapon/GreatAxe/DA_GreatAxe.DA_GreatAxe.Name","대형 도끼","Greataxe","グレートアックス","巨斧","Gran Hacha","Секира","Machado Grande","Großaxt","Grande hache","Wielki Topór","巨斧","Büyük Balta"
"Product./Game/Item/Weapon/GreatAxe/DA_GreatAxe.DA_GreatAxe.Description","넓고 강력한 휘두르기로 적을 짓눌러 버리는 무거운 도끼입니다.","A heavy axe that crushes enemies with broad, forceful swings.","広く力強い振りで敵を粉砕する重い斧です。","以宽大而有力的挥击碾压敌人的重型战斧。","Un hacha pesada que aplasta enemigos con barridos amplios y contundentes.","Тяжёлый топор, сокрушающий врагов широкими и мощными взмахами.","Um machado pesado que esmaga inimigos com golpes amplos e poderosos.","Eine schwere Axt, die Gegner mit weiten, kraftvollen Schwüngen zerschmettert.","Une lourde hache qui écrase les ennemis avec de larges coups puissants.","Ciężki topór, który miażdży wrogów szerokimi i potężnymi zamachami.","以寬大而有力的揮擊碾壓敵人的重型戰斧。","Geniş ve güçlü savuruşlarla düşmanları ezen ağır bir balta."
"Product./Game/Item/Weapon/Greatsword/DA_Greatsword.DA_Greatsword.Name","충성의 대검","Loyal Great Sword","忠誠の大剣","忠诚巨剑","Mandoble Leal","Верный двуручный меч","Espadão Leal","Treues Großschwert","Espadon loyal","Lojalny Wielki Miecz","忠誠巨劍","Sadakat Büyük Kılıcı"
"Product./Game/Item/Weapon/Greatsword/DA_Greatsword.DA_Greatsword.Description","속도를 희생하는 대신 한 번의 공격에 강력한 위력을 담은 묵직한 대검입니다.","A heavy greatsword that trades speed for powerful single hits.","速度を犠牲にして、一撃の威力を高めた重量級の大剣です。","以速度换取单次攻击强大威力的重型巨剑。","Un mandoble pesado que sacrifica velocidad a cambio de golpes individuales muy potentes.","Тяжёлый двуручный меч, жертвующий скоростью ради мощных одиночных ударов.","Um espadão pesado que troca velocidade por golpes individuais muito poderosos.","Ein schweres Großschwert, das Geschwindigkeit gegen mächtige Einzeltreffer eintauscht.","Un lourd espadon qui sacrifie la vitesse pour des frappes uniques dévastatrices.","Ciężki wielki miecz, który poświęca szybkość na rzecz potężnych pojedynczych uderzeń.","以速度換取單次攻擊強大威力的重型巨劍。","Hızdan vazgeçip güçlü tek vuruşlar sunan ağır bir büyük kılıç."
"Product./Game/Item/Weapon/LoyalBow/DA_LoyalBow.DA_LoyalBow.Name","충성의 활","Loyal Bow","忠誠の弓","忠诚之弓","Arco Leal","Верный лук","Arco Leal","Treuer Bogen","Arc loyal","Lojalny Łuk","忠誠之弓","Sadakat Yayı"
"Product./Game/Item/Weapon/LoyalBow/DA_LoyalBow.DA_LoyalBow.Description","정확한 사격으로 적과 거리를 유지하는 원거리 활입니다.","A ranged bow that keeps enemies at distance with precise shots.","正確な射撃で敵との距離を保つ遠距離用の弓です。","以精准射击与敌人保持距离的远程弓。","Un arco de largo alcance que mantiene a los enemigos a distancia con disparos precisos.","Дальнобойный лук, позволяющий держать врагов на расстоянии точными выстрелами.","Um arco de longo alcance que mantém inimigos à distância com disparos precisos.","Ein Fernkampfbogen, der Gegner mit präzisen Schüssen auf Abstand hält.","Un arc à distance qui maintient les ennemis loin grâce à des tirs précis.","Łuk dystansowy, który utrzymuje wrogów na odległość dzięki precyzyjnym strzałom.","以精準射擊與敵人保持距離的遠程弓。","Keskin atışlarla düşmanları uzakta tutan menzilli bir yay."
"Product./Game/Item/Weapon/LoyalSword/DA_LoyalSword.DA_LoyalSword.Name","충성의 검","Loyal Sword","忠誠の剣","忠诚之剑","Espada Leal","Верный меч","Espada Leal","Treues Schwert","Épée loyale","Lojalny Miecz","忠誠之劍","Sadakat Kılıcı"
"Product./Game/Item/Weapon/LoyalSword/DA_LoyalSword.DA_LoyalSword.Description","안정적인 공격 속도와 믿을 만한 피해량을 갖춘 균형 잡힌 장검입니다.","A balanced longsword with steady attack speed and reliable damage.","安定した攻撃速度と信頼できる威力を備えたバランス型の長剣です。","攻击速度稳定、伤害可靠的均衡长剑。","Una espada larga equilibrada, con velocidad de ataque estable y daño fiable.","Сбалансированный длинный меч со стабильной скоростью атаки и надёжным уроном.","Uma espada longa equilibrada, com velocidade de ataque estável e dano confiável.","Ein ausgewogenes Langschwert mit gleichmäßigem Angriffstempo und verlässlichem Schaden.","Une épée longue équilibrée, avec une vitesse d’attaque stable et des dégâts fiables.","Wyważony długi miecz o stabilnej szybkości ataku i pewnych obrażeniach.","攻擊速度穩定、傷害可靠的均衡長劍。","Dengeli saldırı hızı ve güvenilir hasara sahip dengeli bir uzun kılıç."
"Product./Game/Item/Weapon/Pistol/DA_Pistol.DA_Pistol.Name","권총","Pistol","ピストル","手枪","Pistola","Пистолет","Pistola","Pistole","Pistolet","Pistolet","手槍","Tabanca"
"Product./Game/Item/Weapon/Pistol/DA_Pistol.DA_Pistol.Description","빠른 조준과 중거리 사격에 적합한 신속한 보조 무기입니다.","A quick sidearm suited for fast aiming and mid-range shots.","素早い照準と中距離射撃に向いた軽快なサイドアームです。","适合快速瞄准和中距离射击的轻便副武器。","Un arma secundaria rápida, adecuada para apuntar con agilidad y disparar a media distancia.","Быстрое вспомогательное оружие для скорого прицеливания и стрельбы на средней дистанции.","Uma arma secundária rápida, adequada para mira ágil e disparos a média distância.","Eine schnelle Seitenwaffe für zügiges Zielen und Schüsse auf mittlere Distanz.","Une arme de poing rapide adaptée à une visée vive et aux tirs à moyenne portée.","Szybka broń boczna odpowiednia do błyskawicznego celowania i strzałów na średnim dystansie.","適合快速瞄準和中距離射擊的輕便副武器。","Hızlı nişan alma ve orta menzilli atışlar için uygun çevik bir yan silah."
"Product./Game/Item/Weapon/Rifle/DA_Rifle.DA_Rifle.Name","소총","Rifle","ライフル","步枪","Rifle","Винтовка","Rifle","Gewehr","Fusil","Karabin","步槍","Tüfek"
"Product./Game/Item/Weapon/Rifle/DA_Rifle.DA_Rifle.Description","지속적인 피해로 적을 압박하도록 설계된 연사 소총입니다.","A rapid-fire rifle designed to pressure enemies with sustained damage.","継続的なダメージで敵に圧力をかける連射型ライフルです。","以持续火力和连续伤害压制敌人的速射步枪。","Un rifle de fuego rápido diseñado para presionar al enemigo con daño sostenido.","Скорострельная винтовка, созданная для давления на врагов постоянным уроном.","Um rifle de tiro rápido feito para pressionar inimigos com dano contínuo.","Ein Schnellfeuergewehr, das Gegner mit anhaltendem Schaden unter Druck setzt.","Un fusil à tir rapide conçu pour maintenir la pression grâce à des dégâts soutenus.","Szybkostrzelny karabin zaprojektowany do wywierania presji ciągłymi obrażeniami.","以持續火力和連續傷害壓制敵人的速射步槍。","Sürekli hasarla düşmanlara baskı yapmak için tasarlanmış hızlı ateş eden bir tüfek."
"Product./Game/Pandora/Skill/Darkness/DA_Skill_BlackHole.DA_Skill_BlackHole.Name","블랙홀","Blackhole","ブラックホール","黑洞","Agujero Negro","Чёрная дыра","Buraco Negro","Schwarzes Loch","Trou noir","Czarna Dziura","黑洞","Kara Delik"
"Product./Game/Pandora/Skill/Darkness/DA_Skill_BlackHole.DA_Skill_BlackHole.Description","블랙홀을 생성해 주변 적을 끌어당깁니다.","Creates a black hole that pulls in nearby enemies.","ブラックホールを生成し、周囲の敵を引き寄せます。","生成黑洞，将周围的敌人吸引过来。","Crea un agujero negro que atrae a los enemigos cercanos.","Создаёт чёрную дыру, притягивающую ближайших врагов.","Cria um buraco negro que puxa os inimigos próximos.","Erzeugt ein schwarzes Loch, das Gegner in der Nähe anzieht.","Crée un trou noir qui attire les ennemis proches.","Tworzy czarną dziurę, która przyciąga pobliskich wrogów.","生成黑洞，將周圍的敵人吸引過來。","Yakındaki düşmanları içine çeken bir kara delik oluşturur."
"Product./Game/Pandora/Skill/Darkness/DA_Skill_DarkStain.DA_Skill_DarkStain.Name","다크 스테인","Dark Stain","ダークステイン","暗蚀","Mancha Oscura","Тёмное пятно","Mancha Sombria","Dunkler Fleck","Tache obscure","Mroczna Plama","暗蝕","Karanlık Leke"
"Product./Game/Pandora/Skill/Darkness/DA_Skill_DarkStain.DA_Skill_DarkStain.Description","어둠의 힘으로 자신을 강화합니다.","Empowers yourself with the power of darkness.","闇の力で自身を強化します。","以黑暗之力强化自身。","Te fortaleces con el poder de la oscuridad.","Усиливает себя силой тьмы.","Fortalece-se com o poder das trevas.","Verstärkt dich mit der Kraft der Dunkelheit.","Se renforce grâce au pouvoir des ténèbres.","Wzmacnia cię mocą ciemności.","以黑暗之力強化自身。","Karanlığın gücüyle kendini güçlendirir."
"Product./Game/Pandora/Skill/Darkness/DA_Skill_VoidRay.DA_Skill_VoidRay.Name","보이드 레이","Void Ray","ヴォイドレイ","虚空射线","Rayo del Vacío","Луч Пустоты","Raio do Vazio","Leere-Strahl","Rayon du Vide","Promień Pustki","虛空射線","Boşluk Işını"
"Product./Game/Pandora/Skill/Darkness/DA_Skill_VoidRay.DA_Skill_VoidRay.Description","손에서 광선을 발사해 적에게 피해를 줍니다.","Fires a beam from your hand to damage enemies.","手から光線を放ち、敵にダメージを与えます。","从手中发射光线，对敌人造成伤害。","Dispara un rayo desde la mano para dañar a los enemigos.","Выпускает из руки луч, наносящий урон врагам.","Dispara um raio pela mão para causar dano aos inimigos.","Feuert einen Strahl aus der Hand ab, der Gegnern Schaden zufügt.","Tire un rayon depuis la main pour infliger des dégâts aux ennemis.","Wystrzeliwuje z dłoni promień, który zadaje obrażenia wrogom.","從手中發射光線，對敵人造成傷害。","Elinden bir ışın fırlatarak düşmanlara hasar verir."
"Product./Game/Pandora/Skill/Fire/DA_Skill_BurningFlare.DA_Skill_BurningFlare.Name","버닝 플레어","Burning Flare","バーニングフレア","燃烧耀斑","Llamarada Ardiente","Пылающая вспышка","Clarão Ardente","Brennende Flamme","Éclat ardent","Płonący Rozbłysk","燃燒耀斑","Yanan Parlama"
"Product./Game/Pandora/Skill/Fire/DA_Skill_BurningFlare.DA_Skill_BurningFlare.Description","불꽃 영역을 생성해 적에게 지속 피해를 줍니다.","Creates a field of flames that deals continuous damage to enemies.","炎の領域を生成し、敵に継続ダメージを与えます。","生成火焰区域，持续对敌人造成伤害。","Crea una zona de llamas que inflige daño continuo a los enemigos.","Создаёт огненную область, которая постоянно наносит урон врагам.","Cria uma área em chamas que causa dano contínuo aos inimigos.","Erzeugt ein Flammenfeld, das Gegnern fortlaufend Schaden zufügt.","Crée une zone de flammes qui inflige des dégâts continus aux ennemis.","Tworzy obszar płomieni, który zadaje wrogom ciągłe obrażenia.","生成火焰區域，持續對敵人造成傷害。","Düşmanlara sürekli hasar veren bir alev alanı oluşturur."
"Product./Game/Pandora/Skill/Fire/DA_Skill_BurstingSlash.DA_Skill_BurstingSlash.Name","버스팅 슬래시","Bursting Slash","バースティングスラッシュ","爆裂斩","Tajo Explosivo","Взрывной разрез","Corte Explosivo","Berstender Hieb","Entaille explosive","Wybuchowe Cięcie","爆裂斬","Patlayan Kesik"
"Product./Game/Pandora/Skill/Fire/DA_Skill_BurstingSlash.DA_Skill_BurstingSlash.Description","강력한 참격으로 적을 공격합니다.","Attacks enemies with a powerful slash.","強力な斬撃で敵を攻撃します。","以强力斩击攻击敌人。","Ataca a los enemigos con un poderoso tajo.","Атакует врагов мощным рубящим ударом.","Ataca os inimigos com um golpe cortante poderoso.","Greift Gegner mit einem mächtigen Hieb an.","Attaque les ennemis avec une puissante entaille.","Atakuje wrogów potężnym cięciem.","以強力斬擊攻擊敵人。","Düşmanlara güçlü bir kesme saldırısıyla vurur."
"Product./Game/Pandora/Skill/Fire/DA_Skill_GreatFlameSphere.DA_Skill_GreatFlameSphere.Name","거대 화염구","Great Flame Sphere","グレートフレイムスフィア","巨型火焰球","Gran Esfera de Fuego","Великая огненная сфера","Grande Esfera de Fogo","Große Flammensphäre","Grande sphère de feu","Wielka Kula Ognia","巨型火焰球","Büyük Alev Küresi"
"Product./Game/Pandora/Skill/Fire/DA_Skill_GreatFlameSphere.DA_Skill_GreatFlameSphere.Description","거대한 화염구를 발사해 적에게 피해를 줍니다.","Launches a massive fireball that damages enemies.","巨大な火球を放ち、敵にダメージを与えます。","发射巨大的火球，对敌人造成伤害。","Lanza una enorme bola de fuego que daña a los enemigos.","Выпускает огромный огненный шар, наносящий урон врагам.","Lança uma enorme bola de fogo que causa dano aos inimigos.","Schleudert einen gewaltigen Feuerball, der Gegnern Schaden zufügt.","Lance une énorme boule de feu qui inflige des dégâts aux ennemis.","Wystrzeliwuje ogromną kulę ognia, która zadaje obrażenia wrogom.","發射巨大的火球，對敵人造成傷害。","Düşmanlara hasar veren devasa bir ateş topu fırlatır."
"Product./Game/Pandora/Skill/Ice/DA_Skill_IceAge.DA_Skill_IceAge.Name","아이스 에이지","Ice Age","アイスエイジ","冰河时代","Edad de Hielo","Ледниковый период","Era do Gelo","Eiszeit","Ère glaciaire","Epoka Lodowcowa","冰河時代","Buz Devri"
"Product./Game/Pandora/Skill/Ice/DA_Skill_IceAge.DA_Skill_IceAge.Description","강한 냉기를 퍼뜨려 주변 적을 공격합니다.","Unleashes intense cold to attack nearby enemies.","強烈な冷気を放ち、周囲の敵を攻撃します。","释放强烈寒气，攻击周围的敌人。","Libera un frío intenso para atacar a los enemigos cercanos.","Выпускает сильный холод, поражая ближайших врагов.","Libera um frio intenso para atacar os inimigos próximos.","Entfesselt starke Kälte und greift Gegner in der Nähe an.","Libère un froid intense pour attaquer les ennemis proches.","Uwalnia silny chłód, atakując pobliskich wrogów.","釋放強烈寒氣，攻擊周圍的敵人。","Yoğun bir soğuk yayarak yakındaki düşmanlara saldırır."
"Product./Game/Pandora/Skill/Ice/DA_Skill_IceSpike.DA_Skill_IceSpike.Name","프로스트 스파이크","Frost Spike","フロストスパイク","寒霜尖刺","Púa de Escarcha","Морозный шип","Espinho de Gelo","Froststachel","Pointe de givre","Mroźny Kolec","寒霜尖刺","Don Dikeni"
"Product./Game/Pandora/Skill/Ice/DA_Skill_IceSpike.DA_Skill_IceSpike.Description","바닥에서 얼음 가시를 솟아오르게 해 적을 공격합니다.","Raises ice spikes from the ground to attack enemies.","地面から氷の棘を突き上げ、敵を攻撃します。","从地面升起冰刺，攻击敌人。","Hace brotar púas de hielo del suelo para atacar a los enemigos.","Поднимает из земли ледяные шипы, атакуя врагов.","Faz espinhos de gelo surgirem do chão para atacar os inimigos.","Lässt Eisspitzen aus dem Boden schießen, um Gegner anzugreifen.","Fait surgir des pics de glace du sol pour attaquer les ennemis.","Wydobywa z ziemi lodowe kolce, atakując wrogów.","從地面升起冰刺，攻擊敵人。","Yerden buz dikenleri çıkararak düşmanlara saldırır."
"Product./Game/Pandora/Skill/Ice/DA_Skill_Icicle.DA_Skill_Icicle.Name","아이시클","Icicle","アイシクル","冰锥","Carámbano","Сосулька","Estalactite de Gelo","Eiszapfen","Stalactite","Sopel","冰錐","Buz Sarkıtı"
"Product./Game/Pandora/Skill/Ice/DA_Skill_Icicle.DA_Skill_Icicle.Description","얼음 투사체를 발사해 적을 공격합니다.","Fires an ice projectile to attack enemies.","氷の投射物を放ち、敵を攻撃します。","发射冰之投射物攻击敌人。","Dispara un proyectil de hielo para atacar a los enemigos.","Выпускает ледяной снаряд, атакуя врагов.","Dispara um projétil de gelo para atacar os inimigos.","Feuert ein Eisprojektil ab, um Gegner anzugreifen.","Tire un projectile de glace pour attaquer les ennemis.","Wystrzeliwuje lodowy pocisk, atakując wrogów.","發射冰之投射物攻擊敵人。","Düşmanlara saldırmak için bir buz mermisi fırlatır."
"Product./Game/Pandora/Skill/Light/DA_Skill_Heal.DA_Skill_Heal.Name","루미너리 펄스","Luminary Pulse","ルミナリーパルス","辉光脉冲","Pulso Luminar","Световой импульс","Pulso Luminar","Lichtimpuls","Impulsion lumineuse","Świetlisty Impuls","輝光脈衝","Işık Darbesi"
"Product./Game/Pandora/Skill/Light/DA_Skill_Heal.DA_Skill_Heal.Description","빛의 힘으로 체력을 회복합니다.","Restores health with the power of light.","光の力で体力を回復します。","以光之力恢复生命值。","Restaura salud con el poder de la luz.","Восстанавливает здоровье силой света.","Restaura vida com o poder da luz.","Stellt mit der Kraft des Lichts Gesundheit wieder her.","Restaure de la santé grâce au pouvoir de la lumière.","Przywraca zdrowie mocą światła.","以光之力恢復生命值。","Işığın gücüyle sağlığı yeniler."
"Product./Game/Pandora/Skill/Light/DA_Skill_HolyBall.DA_Skill_HolyBall.Name","홀리 레디언스","Holy Radiance","ホーリーラディアンス","圣光辉耀","Resplandor Sagrado","Святое сияние","Radiância Sagrada","Heilige Strahlkraft","Radiance sacrée","Święty Blask","聖光輝耀","Kutsal Işıma"
"Product./Game/Pandora/Skill/Light/DA_Skill_HolyBall.DA_Skill_HolyBall.Description","빛의 투사체를 발사해 적에게 피해를 줍니다.","Fires a projectile of light that damages enemies.","光の投射物を放ち、敵にダメージを与えます。","发射光之投射物，对敌人造成伤害。","Dispara un proyectil de luz que daña a los enemigos.","Выпускает световой снаряд, наносящий урон врагам.","Dispara um projétil de luz que causa dano aos inimigos.","Feuert ein Lichtprojektil ab, das Gegnern Schaden zufügt.","Tire un projectile de lumière qui inflige des dégâts aux ennemis.","Wystrzeliwuje pocisk światła, który zadaje obrażenia wrogom.","發射光之投射物，對敵人造成傷害。","Düşmanlara hasar veren bir ışık mermisi fırlatır."
"Product./Game/Pandora/Skill/Light/DA_Skill_Lightspeed.DA_Skill_Lightspeed.Name","라이트스피드","Lightspeed","ライトスピード","光速","Velocidad de la Luz","Скорость света","Velocidade da Luz","Lichtgeschwindigkeit","Vitesse de la lumière","Prędkość Światła","光速","Işık Hızı"
"Product./Game/Pandora/Skill/Light/DA_Skill_Lightspeed.DA_Skill_Lightspeed.Description","빛의 힘으로 이동 속도를 크게 높입니다.","Greatly increases movement speed with the power of light.","光の力で移動速度を大幅に上昇させます。","以光之力大幅提升移动速度。","Aumenta considerablemente la velocidad de movimiento con el poder de la luz.","Значительно увеличивает скорость передвижения силой света.","Aumenta bastante a velocidade de movimento com o poder da luz.","Erhöht mit der Kraft des Lichts die Bewegungsgeschwindigkeit deutlich.","Augmente fortement la vitesse de déplacement grâce au pouvoir de la lumière.","Znacznie zwiększa szybkość ruchu mocą światła.","以光之力大幅提升移動速度。","Işığın gücüyle hareket hızını büyük ölçüde artırır."
"Product./Game/Pandora/Skill/Lightning/DA_Skill_LightningFlash.DA_Skill_LightningFlash.Name","라이트닝 플래시","Lightning Flash","ライトニングフラッシュ","闪电突袭","Destello Relámpago","Молниеносная вспышка","Clarão Relâmpago","Blitzsprung","Éclair foudroyant","Błysk Pioruna","閃電突襲","Şimşek Parlaması"
"Product./Game/Pandora/Skill/Lightning/DA_Skill_LightningFlash.DA_Skill_LightningFlash.Description","빠르게 돌진하며 접촉한 적에게 피해를 줍니다.","Dashes forward rapidly, damaging enemies on contact.","高速で突進し、接触した敵にダメージを与えます。","快速冲刺，对接触到的敌人造成伤害。","Se lanza rápidamente hacia delante e inflige daño a los enemigos al contacto.","Быстро устремляется вперёд, нанося урон врагам при контакте.","Avança rapidamente, causando dano aos inimigos ao contato.","Stürmt schnell vor und fügt Gegnern bei Kontakt Schaden zu.","Fonce rapidement vers l’avant et inflige des dégâts aux ennemis au contact.","Szybko szarżuje do przodu, zadając obrażenia wrogom przy kontakcie.","快速衝刺，對接觸到的敵人造成傷害。","Hızla ileri atılarak temas ettiği düşmanlara hasar verir."
"Product./Game/Pandora/Skill/Lightning/DA_Skill_LightningStrike.DA_Skill_LightningStrike.Name","썬더 스트라이크","Thunder Strike","サンダーストライク","雷霆打击","Golpe de Trueno","Удар грома","Golpe de Trovão","Donnerschlag","Frappe de tonnerre","Uderzenie Gromu","雷霆打擊","Gök Gürültüsü Darbesi"
"Product./Game/Pandora/Skill/Lightning/DA_Skill_LightningStrike.DA_Skill_LightningStrike.Description","지정한 위치에 번개를 떨어뜨려 범위 피해를 줍니다.","Calls down lightning at a targeted location, dealing area damage.","指定した位置に雷を落とし、範囲ダメージを与えます。","在指定位置降下雷电，造成范围伤害。","Hace caer un rayo en la ubicación indicada e inflige daño de área.","Обрушивает молнию в выбранную точку, нанося урон по области.","Faz um raio cair no local escolhido, causando dano em área.","Lässt an der gewählten Position einen Blitz einschlagen und verursacht Flächenschaden.","Fait tomber la foudre à l’emplacement ciblé et inflige des dégâts de zone.","Sprowadza piorun na wskazane miejsce, zadając obrażenia obszarowe.","在指定位置降下雷電，造成範圍傷害。","Belirlenen konuma yıldırım düşürerek alan hasarı verir."
"Product./Game/Pandora/Skill/Lightning/DA_Skill_Overcharge.DA_Skill_Overcharge.Name","오버차지","Overcharge","オーバーチャージ","过载","Sobrecarga","Перегрузка","Sobrecarga","Überladung","Surcharge","Przeciążenie","過載","Aşırı Yük"
"Product./Game/Pandora/Skill/Lightning/DA_Skill_Overcharge.DA_Skill_Overcharge.Description","전기를 방출해 주변 적에게 지속적으로 피해를 줍니다.","Releases electricity that continuously damages nearby enemies.","電気を放出し、周囲の敵に継続ダメージを与えます。","释放电流，持续对周围敌人造成伤害。","Libera electricidad que inflige daño continuo a los enemigos cercanos.","Выпускает электричество, постоянно нанося урон ближайшим врагам.","Libera eletricidade que causa dano contínuo aos inimigos próximos.","Entlädt Elektrizität und fügt Gegnern in der Nähe fortlaufend Schaden zu.","Libère de l’électricité qui inflige des dégâts continus aux ennemis proches.","Wyładowuje elektryczność, zadając pobliskim wrogom ciągłe obrażenia.","釋放電流，持續對周圍敵人造成傷害。","Elektrik yayarak yakındaki düşmanlara sürekli hasar verir."
"Product./Game/Pandora/Skill/Machine/DA_Skill_DefenceField.DA_Skill_DefenceField.Name","디펜스 필드","Defense Field","ディフェンスフィールド","防御力场","Campo de Defensa","Защитное поле","Campo de Defesa","Verteidigungsfeld","Champ de défense","Pole Obronne","防禦力場","Savunma Alanı"
"Product./Game/Pandora/Skill/Machine/DA_Skill_DefenceField.DA_Skill_DefenceField.Description","방어 필드를 생성해 자신을 보호합니다.","Creates a defensive field that protects you.","防御フィールドを生成し、自身を守ります。","生成防御力场保护自身。","Crea un campo defensivo que te protege.","Создаёт защитное поле, оберегающее вас.","Cria um campo defensivo que protege você.","Erzeugt ein Schutzfeld, das dich schützt.","Crée un champ défensif qui vous protège.","Tworzy pole obronne, które cię chroni.","生成防禦力場保護自身。","Kendini koruyan bir savunma alanı oluşturur."
"Product./Game/Pandora/Skill/Machine/DA_Skill_Missile.DA_Skill_Missile.Name","유도 미사일","Guided Missile","ガイドミサイル","制导导弹","Misil Guiado","Управляемая ракета","Míssil Guiado","Lenkrakete","Missile guidé","Pocisk Kierowany","導引飛彈","Güdümlü Füze"
"Product./Game/Pandora/Skill/Machine/DA_Skill_Missile.DA_Skill_Missile.Description","적을 추적하는 미사일로 범위 피해를 줍니다.","Uses homing missiles to deal area damage.","敵を追尾するミサイルで範囲ダメージを与えます。","使用追踪敌人的导弹造成范围伤害。","Usa misiles teledirigidos para infligir daño de área.","Использует самонаводящиеся ракеты, нанося урон по области.","Usa mísseis teleguiados para causar dano em área.","Verursacht mit zielsuchenden Raketen Flächenschaden.","Utilise des missiles à tête chercheuse pour infliger des dégâts de zone.","Zadaje obrażenia obszarowe za pomocą samonaprowadzających pocisków.","使用追蹤敵人的飛彈造成範圍傷害。","Hedef güdümlü füzelerle alan hasarı verir."
"Product./Game/Pandora/Skill/Machine/DA_Skill_PlasmaBeam.DA_Skill_PlasmaBeam.Name","플라즈마 빔","Plasma Beam","プラズマビーム","等离子束","Rayo de Plasma","Плазменный луч","Raio de Plasma","Plasmastrahl","Rayon de plasma","Promień Plazmowy","電漿束","Plazma Işını"
"Product./Game/Pandora/Skill/Machine/DA_Skill_PlasmaBeam.DA_Skill_PlasmaBeam.Description","강력한 광선을 발사해 적에게 피해를 줍니다.","Fires a powerful beam that damages enemies.","強力な光線を放ち、敵にダメージを与えます。","发射强力光线，对敌人造成伤害。","Dispara un potente rayo que daña a los enemigos.","Выпускает мощный луч, наносящий урон врагам.","Dispara um raio poderoso que causa dano aos inimigos.","Feuert einen mächtigen Strahl ab, der Gegnern Schaden zufügt.","Tire un puissant rayon qui inflige des dégâts aux ennemis.","Wystrzeliwuje potężny promień, który zadaje obrażenia wrogom.","發射強力光線，對敵人造成傷害。","Düşmanlara hasar veren güçlü bir ışın fırlatır."
"PandoraDescription.ManaFormat","마나 {0}","Mana {0}","マナ {0}","法力 {0}","Maná {0}","Мана {0}","Mana {0}","Mana {0}","Mana {0}","Mana {0}","法力 {0}","Mana {0}"
"PandoraDescription.CooldownFormat","쿨타임 {0}초","Cooldown {0}s","クールダウン {0}秒","冷却时间 {0}秒","Enfriamiento {0} s","Перезарядка {0} с","Recarga {0} s","Abklingzeit {0} s","Recharge {0} s","Czas odnowienia {0} s","冷卻時間 {0}秒","Bekleme süresi {0} sn"
